Workbook

Sheet README
B5: FIFA World Cup Analytics – Excel Business Intelligence Project
B11: OVERVIEW | K11: BUSINESS OBJECTIVE
B12: This project analyzes FIFA World Cup data from 1930 to 2026 using Microsoft Excel. The objective is not limited to visualizing historical football statistics. The workbook demonstrates a complete Business Intelligence workflow, including: source data exploration; data quality assessment; duplicate detection; data cleaning and standardization; KPI design; statistical analysis; interactive dashboard development; team comparison; indicative match probability modeling. The project was developed as part of a transition toward a Business Intelligence and Data Analyst career. | K12: The dashboard was designed as an executive analytical tool for exploring the history and evolution of the FIFA World Cup. The analysis addresses questions such as: Which national teams have achieved the strongest historical performances? Which teams have won the most FIFA World Cup titles? Which teams demonstrate the strongest offensive and defensive performance? How has the number of goals per match evolved over time? Which teams have the highest historical win rates? How frequently have matches been decided after extra time or by penalty shootouts? How do two selected national teams compare? What match outcome is suggested by their historical performance and recent form?
B33: DATASET | K33: WORKBOOK STRUCTURE
B34: The project uses data derived from The Ultimate FIFA World Cup Dataset (1930–2026), obtained from Kaggle. The workbook includes four source datasets: - Match results (1930–2026) - Penalty shootouts (1982 to 2026) - 2026 squads - 2026 teams summaries | K34: - README Presents the business objective, methodology, workbook structure and main limitations. - DATA_DICTIONNAIRE Documents the source datasets, fields, data types, nullability and examples. - KPI_DICTIONNAIRE Documents the business indicators, calculation principles, interpretation rules and data sources. - DATA_BRUT Contains the original imported datasets without transformation. - DATA_QUALITE Contains the quality control process, including: duplicate detection; country-name validation; character-encoding controls; numerical type checks; tournament-stage normalization; match-score verification; match-count reconciliation; correction mapping tables. | P34: -DATA_CLEANED Contains the standardized datasets used for analysis and dashboard calculations. - CALCULES Contains intermediate calculations and team-level metrics, including: (non-exhaustive) offensive score; defensive score; global performance score; stage reached; World Cup titles. - RESUME Provides a consolidated historical overview by tournament edition. - DASHBOARD Provides the interactive analytical interface, including: tournament-level KPIs; historical evolution charts; an interactive team comparison section; indicative match-outcome probabilities.
B55: DATA QUALITY PROCESS | K55: KEY PERFORMANCE INIDICATORS
B56: The data preparation process follows several stages: - preservation of the original source data; - identification of duplicate match records; - standardization of country and team names; - correction of character-encoding issues; - conversion of numerical fields; - normalization of tournament stages; - verification of goals and match winners; - reconciliation of the number of matches by edition; - creation of cleaned analytical datasets. | K56: The dashboard includes the following indicators: - number of FIFA World Cup editions; - number of matches; - number of participating national teams; - total goals; - average goals per match; - median goals per match; - number of draws; - number of penalty shootouts; - number of matches decided by a golden goal; - World Cup titles by team; | P56: - highest tournament stage reached; - wins, draws and defeats; - goals scored and conceded; - offensive performance score; - defensive performance score; - global performance score; - recent-form indicator; - expected goals; - estimated win, draw and loss probabilities; - model confidence indicator.
B77: TEAM PERFORMANCE SCORE | K77: VERSUS PROBABILITY MODEL
B78: The offensive, defensive and global scores are normalized indicators designed to compare national teams. The offensive score considers: average goals scored per match; consistency in goals scored; the volume of available match data. The defensive score considers: average goals conceded per match; consistency in goals conceded; clean-sheet performance; the volume of available match data. The global score combines the offensive and defensive dimensions. These scores are comparative indicators and must not be interpreted as official FIFA rankings. | K78: The VERSUS section compares two selected national teams. The model uses: average goals scored per match; average goals conceded per match; offensive and defensive adjustments; historical data reliability; recent form; expected-goal estimates; a Poisson distribution for score probabilities. The output includes: expected goals for each team; probability of a win for team A; probability of a draw; probability of a win for team B; most likely exact score; probability of the most likely score; confidence level.
B99: EXCEL SKILLS DEMONSTRATED | K99: LIMITATIONS
B100: This project demonstrates proficiency with: - Excel Tables; - structured references; - dynamic arrays; - data validation lists; - conditional formatting; - PivotTables; - PivotCharts; - dashboard design; - XLOOKUP; | G100: - SUMIFS; - COUNTIFS; - AVERAGEIFS; - FILTER; - UNIQUE; - SORT; - LET; - INDEX; - MATCH; - SUMPRODUCT; - Poisson probability functions. | K100: The analysis has several limitations: - team names and national entities have changed throughout World Cup history; - the number of available matches varies significantly between teams; - historical performances do not guarantee future results; - the expected-goals model does not include player availability, injuries, tactical systems or match location; - the Poisson model assumes independent scoring events;
B121: FUTURE IMPROVMENTS | K121: AUTHOR
B122: Future improvements may include: - migration of the cleaning process to Power Query; - SQL-based data preparation; - Power BI dashboard development; - Microsoft Fabric integration; - separation of historical and projected data; - home and away performance adjustments; - tournament-strength weighting; - opponent-strength adjustments; - model validation against historical matches; - confidence intervals and backtesting. | K122: Yann Lecompte Business Intelligence & Data Analytics Portfolio Current learning path: Excel → SQL → Power BI → Microsoft Fabric

Sheet DATA_DICTIONNAIRE
A2: Dataset : 2026_Team_ Summaries | G2: Dataset : Matches
A3: Field | B3: Data Type | C3: Nullable | D3: Description | E3: Example | G3: Field | H3: Data Type | I3: Nullable | J3: Description | K3: Example
A4: Country | B4: Text | C4: No | D4: National team represented in the FIFA World Cup dataset. | E4: France | G4: Year | H4: Integer | I4: No | J4: FIFA World Cup edition year. | K4: 1998
A5: 2026_Average_Age | B5: Decimal | C5: No | D5: Average age of the national team's squad selected for the 2026 FIFA World Cup. | E5: 27.4 | G5: Datetime | H5: DateTime | I5: No | J5: Date and time the match was played. | K5: 35988.875
A6: 2026_Unique_Clubs_Represented | B6: Integer | C6: No | D6: Number of different football clubs represented by players in the 2026 squad. | E6: 18 | G6: Stage | H6: Text | I6: No | J6: Tournament stage. | K6: Final
A7: Historical_Matches_Played | B7: Integer | C7: No | D7: Total number of FIFA World Cup matches played by the country since its first participation. | E7: 122 | G7: Stadium | H7: Text | I7: No | J7: Stadium where the match was played. | K7: Stade de France
A8: Historical_Goals_Scored | B8: Integer | C8: No | D8: Total number of goals scored by the country in FIFA World Cup history. | E8: 245 | G8: City | H8: Text | I8: No | J8: Host city of the match. | K8: Saint-Denis
G9: Home Team Name | H9: Text | I9: No | J9: Name of the home team. | K9: France
A10: Dataset : Penalty Shootouts | G10: Home Team Goals | H10: Integer | I10: No | J10: Number of goals scored by the home team. | K10: 3
A11: Field | B11: Data Type | C11: Nullable | D11: Description | E11: Example | G11: Away Team Goals | H11: Integer | I11: No | J11: Number of goals scored by the away team. | K11: 0
A12: Tournament_Year | B12: Integer | C12: No | D12: FIFA World Cup edition in which the penalty shootout occurred. | E12: 2022 | G12: Away Team Name | H12: Text | I12: No | J12: Name of the away team. | K12: Brazil
A13: Match_Stage | B13: Text | C13: No | D13: Tournament stage where the shootout took place. | E13: Quarter-finals | G13: Win conditions | H13: Text | I13: Yes | J13: Additional information about how the match was decided (extra time, penalties, etc.). | K13: France won after extra time
A14: Team_A | B14: Text | C14: No | D14: First team involved in the penalty shootout. | E14: Argentina
A15: Team_B | B15: Text | C15: No | D15: Second team involved in the penalty shootout. | E15: Netherlands | G15: Dataset : 2026 Squads
A16: Shooter_Team | B16: Text | C16: No | D16: Team of the player taking the penalty kick. | E16: Argentina | G16: Field | H16: Data Type | I16: Nullable | J16: Description | K16: Example
A17: Shooter_Name | B17: Text | C17: No | D17: Name of the player taking the penalty kick. | E17: Lionel Messi | G17: index | H17: Integer | I17: No | J17: Unique row identifier. | K17: 145
A18: Goalkeeper_Name | B18: Text | C18: No | D18: Name of the goalkeeper facing the penalty. | E18: Andries Noppert | G18: name | H18: Text | I18: No | J18: Player's full name. | K18: Kylian Mbappé
A19: Kick_Number | B19: Integer | C19: No | D19: Overall order of the penalty kick during the shootout. | E19: 5 | G19: age | H19: Integer | I19: No | J19: Player's age at the 2026 FIFA World Cup. | K19: 27
A20: Team_Kick_Number | B20: Integer | C20: No | D20: Order of the kick for the player's own team. | E20: 3 | G20: country | H20: Text | I20: No | J20: National team represented by the player. | K20: France
A21: Score_Before_Kick | B21: Text | C21: No | D21: Penalty shootout score before the kick was taken. | E21: 3–2 | G21: position | H21: Text | I21: No | J21: Playing position. | K21: Forward
A22: Is_Must_Score | B22: Boolean | C22: No | D22: Indicates whether the player had to score to keep the team alive. | E22: TRUE | G22: club | H22: Text | I22: No | J22: Professional club at the time of the tournament. | K22: Real Madrid
A23: Is_Winning_Kick | B23: Boolean | C23: No | D23: Indicates whether the kick secured the victory. | E23: FALSE | G23: jersey_number | H23: Integer | I23: No | J23: Shirt number worn during the tournament. | K23: 10
A24: Shoot_Outcome | B24: Text | C24: No | D24: Result of the penalty kick. | E24: Goal / Miss / Saved

Sheet KPI_DICTIONNAIRE
B2: KPI | C2: Catégorie | D2: Définition | E2: Source | F2: Format | G2: Interprétation
B3: Nombre d’éditions | C3: Vue d’ensemble | D3: Nombre d’années distinctes présentes dans les rencontres | E3: DATA_CLEANED!AF | F3: Entier | G3: Nombre d’éditions couvertes par le dataset
B4: Nombre de matchs | C4: Vue d’ensemble | D4: Nombre total de rencontres analysées | E4: DATA_CLEANED!AF:AO | F4: Entier | G4: Volume total de rencontres
B5: Nombre d’équipes | C5: Vue d’ensemble | D5: Nombre d’équipes distinctes ayant participé à au moins un match | E5: DATA_CLEANED!AK et AN | F5: Entier | G5: Couverture géographique du dataset
B6: Nombre total de buts | C6: Vue d’ensemble | D6: Somme des buts à domicile et à l’extérieur, hors tirs au but | E6: DATA_CLEANED!AL:AM | F6: Entier | G6: Production offensive totale
B7: Moyenne de buts par match | C7: Vue d’ensemble | D7: Total des buts divisé par le nombre de matchs | E7: DATA_CLEANED!AL:AM | F7: Décimal | G7: Intensité offensive moyenne
B8: Médiane de buts par match | C8: Vue d’ensemble | D8: Médiane du total de buts inscrits lors de chaque rencontre | E8: DATA_CLEANED!AL:AM | F8: Décimal | G8: Match typique, moins sensible aux scores extrêmes
B9: Nombre de matchs nuls | C9: Résultats | D9: Matchs terminés à égalité sans vainqueur après la procédure retenue | E9: Scores et conditions de victoire | F9: Entier | G9: Fréquence des matchs nuls
B10: Séances de tirs au but | C10: Résultats | D10: Nombre de rencontres décidées aux tirs au but | E10: Conditions de victoire et dataset des tirs au but | F10: Entier | G10: Fréquence des décisions aux tirs au but
B11: Matchs décidés par but en or | C11: Résultats | D11: Nombre de rencontres décidées selon la règle du but en or | E11: Conditions de victoire | F11: Entier | G11: Utilisation historique du but en or
B12: Participations | C12: Équipe | D12: Nombre d’éditions lors desquelles l’équipe a joué au moins un match | E12: CALCULES!B:X | F12: Entier | G12: Régularité de présence dans la compétition
B13: Matchs disputés | C13: Équipe | D13: Nombre total de matchs joués par l’équipe | E13: CALCULES!AA | F13: Entier | G13: Volume historique disponible
... B37: Indice de confiance | C37: Prédiction | D37: Niveau de fiabilité fondé sur le volume de matchs disponible pour les deux équipes | E37: Modèle VERSUS | F37: Faible, moyenne ou élevée | G37: Indique la robustesse relative de l’estimation

Sheet DATA_BRUT
A1: Dataset : 2026_Team_ Summaries | G1: Dataset : Penalty Shootouts (1982-2026) | U1: Dataset : 2026 Squads | AC1: Dataset : Matches (1930-2026)
A2: Country | B2: 2026_Average_Age | C2: 2026_Unique_Clubs_Represented | D2: Historical_Matches_Played | E2: Historical_Goals_Scored | G2: Tournament_Year | H2: Match_Stage | I2: Team_A | J2: Team_B | K2: Shooter_Team | L2: Shooter_Name | M2: Goalkeeper_Name | N2: Kick_Number | O2: Team_Kick_Number | P2: Score_Before_Kick | Q2: Is_Must_Score | R2: Is_Winning_Kick | S2: Shoot_Outcome | U2: index | V2: name | W2: age | X2: country | Y2: position | Z2: club | AA2: jersey_number | AC2: Year | AD2: Datetime | AE2: Stage | AF2: Stadium | AG2: City | AH2: Home Team Name | AI2: Home Team Goals | AJ2: Away Team Goals | AK2: Away Team Name | AL2: Win conditions
A3: Brazil | B3: 28.8 | C3: 20 | D3: 123 | E3: 251 | G3: 1982 | H3: Semi-finals | I3: West Germany | J3: France | K3: France | L3: Alain Giresse | M3: Harald Schumacher | N3: 1 | O3: 1 | P3: '0-0 | Q3: No | R3: No | S3: Goal | U3: 1 | V3: Matěj Kovář | W3: 26 | X3: Czech Republic | Y3: GK | Z3: PSV Eindhoven | AA3: 1 | AC3: 1930.0 | AD3: 13 Jul 1930 - 15:00 | AE3: Group 1 | AF3: Pocitos | AG3: Montevideo | AH3: France | AI3: 4.0 | AJ3: 1.0 | AK3: Mexico
A4: Argentina | B4: 28.7 | C4: 19 | D4: 98 | E4: 168 | G4: 1982 | H4: Semi-finals | I4: West Germany | J4: France | K4: West Germany | L4: Manfred Kaltz | M4: Jean-Luc Ettori | N4: 2 | O4: 1 | P4: '0-1 | Q4: No | R4: No | S4: Goal | U4: 2 | V4: Jindřich Staněk | W4: 30 | X4: Czech Republic | Y4: GK | Z4: Slavia Prague | AA4: 16 | AC4: 1930.0 | AD4: 13 Jul 1930 - 15:00 | AE4: Group 4 | AF4: Parque Central | AG4: Montevideo | AH4: USA | AI4: 3.0 | AJ4: 0.0 | AK4: Belgium
A5: France | B5: 26.6 | C5: 18 | D5: 82 | E5: 155 | G5: 1982 | H5: Semi-finals | I5: West Germany | J5: France | K5: France | L5: Manuel Amoros | M5: Harald Schumacher | N5: 3 | O5: 2 | P5: '1-1 | Q5: No | R5: No | S5: Goal | U5: 3 | V5: Lukáš Horníček | W5: 23 | X5: Czech Republic | Y5: GK | Z5: Braga | AA5: 23 | AC5: 1930.0 | AD5: 14 Jul 1930 - 12:45 | AE5: Group 2 | AF5: Parque Central | AG5: Montevideo | AH5: Yugoslavia | AI5: 2.0 | AJ5: 1.0 | AK5: Brazil
A6: England | B6: 26.7 | C6: 16 | D6: 81 | E6: 124 | G6: 1982 | H6: Semi-finals | I6: West Germany | J6: France | K6: West Germany | L6: Paul Breitner | M6: Jean-Luc Ettori | N6: 4 | O6: 2 | P6: '1-2 | Q6: No | R6: No | S6: Goal | U6: 4 | V6: David Zima | W6: 25 | X6: Czech Republic | Y6: CB | Z6: Slavia Prague | AA6: 2 | AC6: 1930.0 | AD6: 14 Jul 1930 - 14:50 | AE6: Group 3 | AF6: Pocitos | AG6: Montevideo | AH6: Romania | AI6: 3.0 | AJ6: 1.0 | AK6: Peru
A7: Germany | B7: 27.6 | C7: 13 | D7: 58 | E7: 123 | G7: 1982 | H7: Semi-finals | I7: West Germany | J7: France | K7: France | L7: Dominique Rocheteau | M7: Harald Schumacher | N7: 5 | O7: 3 | P7: '2-2 | Q7: No | R7: No | S7: Goal | U7: 5 | V7: Tomáš Holeš | W7: 33 | X7: Czech Republic | Y7: CB | Z7: Slavia Prague | AA7: 3 | AC7: 1930.0 | AD7: 15 Jul 1930 - 16:00 | AE7: Group 1 | AF7: Parque Central | AG7: Montevideo | AH7: Argentina | AI7: 1.0 | AJ7: 0.0 | AK7: France
A8: Spain | B8: 26.2 | C8: 13 | D8: 75 | E8: 122 | G8: 1982 | H8: Semi-finals | I8: West Germany | J8: France | K8: West Germany | L8: Uli Stielike | M8: Jean-Luc Ettori | N8: 6 | O8: 3 | P8: '2-3 | Q8: No | R8: No | S8: Saved | U8: 6 | V8: Robin Hranáč | W8: 26 | X8: Czech Republic | Y8: CB | Z8: TSG Hoffenheim | AA8: 4 | AC8: 1930.0 | AD8: 16 Jul 1930 - 14:45 | AE8: Group 1 | AF8: Parque Central | AG8: Montevideo | AH8: Chile | AI8: 3.0 | AJ8: 0.0 | AK8: Mexico
A9: Netherlands | B9: 27.3 | C9: 19 | D9: 63 | E9: 112 | G9: 1982 | H9: Semi-finals | I9: West Germany | J9: France | K9: France | L9: Didier Six | M9: Harald Schumacher | N9: 7 | O9: 4 | P9: '2-3 | Q9: No | R9: No | S9: Saved | U9: 7 | V9: Štěpán Chaloupek | W9: 23 | X9: Czech Republic | Y9: CB | Z9: Slavia Prague | AA9: 6 | AC9: 1930.0 | AD9: 17 Jul 1930 - 12:45 | AE9: Group 2 | AF9: Parque Central | AG9: Montevideo | AH9: Yugoslavia | AI9: 4.0 | AJ9: 0.0 | AK9: Bolivia
A10: Uruguay | B10: 28.2 | C10: 22 | D10: 63 | E10: 92 | G10: 1982 | H10: Semi-finals | I10: West Germany | J10: France | K10: West Germany | L10: Pierre Littbarski | M10: Jean-Luc Ettori | N10: 8 | O10: 4 | P10: '2-3 | Q10: No | R10: No | S10: Goal | U10: 8 | V10: Ladislav Krejčí | W10: 27 | X10: Czech Republic | Y10: CB | Z10: Wolverhampton Wanderers | AA10: 7 | AC10: 1930.0 | AD10: 17 Jul 1930 - 14:45 | AE10: Group 4 | AF10: Parque Central | AG10: Montevideo | AH10: USA | AI10: 3.0 | AJ10: 0.0 | AK10: Paraguay
A11: Sweden | B11: 27.0 | C11: 26 | D11: 55 | E11: 87 | G11: 1982 | H11: Semi-finals | I11: West Germany | J11: France | K11: France | L11: Michel Platini | M11: Harald Schumacher | N11: 9 | O11: 5 | P11: '3-3 | Q11: No | R11: No | S11: Goal | U11: 9 | V11: David Jurásek | W11: 25 | X11: Czech Republic | Y11: LB | Z11: Slavia Prague | AA11: 14 | AC11: 1930.0 | AD11: 18 Jul 1930 - 14:30 | AE11: Group 3 | AF11: Estadio Centenario | AG11: Montevideo | AH11: Uruguay | AI11: 1.0 | AJ11: 0.0 | AK11: Peru
A12: Belgium | B12: 27.1 | C12: 18 | D12: 59 | E12: 85 | G12: 1982 | H12: Semi-finals | I12: West Germany | J12: France | K12: West Germany | L12: Karl-Heinz Rummenigge | M12: Jean-Luc Ettori | N12: 10 | O12: 5 | P12: '3-4 | Q12: Yes | R12: No | S12: Goal | U12: 10 | V12: Jaroslav Zelený | W12: 33 | X12: Czech Republic | Y12: LB | Z12: Sparta Prague | AA12: 20 | AC12: 1930.0 | AD12: 19 Jul 1930 - 12:50 | AE12: Group 1 | AF12: Estadio Centenario | AG12: Montevideo | AH12: Chile | AI12: 1.0 | AJ12: 0.0 | AK12: France
A13: Mexico | B13: 27.5 | C13: 21 | D13: 66 | E13: 73 | G13: 1982 | H13: Semi-finals | I13: West Germany | J13: France | K13: France | L13: Maxime Bossis | M13: Harald Schumacher | N13: 11 | O13: 6 | P13: '4-4 | Q13: No | R13: No | S13: Saved | U13: 11 | V13: Vladimír Coufal | W13: 33 | X13: Czech Republic | Y13: RB | Z13: TSG Hoffenheim | AA13: 5 | AC13: 1930.0 | AD13: 19 Jul 1930 - 15:00 | AE13: Group 1 | AF13: Estadio Centenario | AG13: Montevideo | AH13: Argentina | AI13: 6.0 | AJ13: 3.0 | AK13: Mexico
A14: Switzerland | B14: 27.8 | C14: 24 | D14: 48 | E14: 65 | G14: 1982 | H14: Semi-finals | I14: West Germany | J14: France | K14: West Germany | L14: Horst Hrubesch | M14: Jean-Luc Ettori | N14: 12 | O14: 6 | P14: '4-4 | Q14: No | R14: Yes | S14: Goal | U14: 12 | V14: David Douděra | W14: 28 | X14: Czech Republic | Y14: RB | Z14: Slavia Prague | AA14: 21 | AC14: 1930.0 | AD14: 20 Jul 1930 - 13:00 | AE14: Group 2 | AF14: Estadio Centenario | AG14: Montevideo | AH14: Brazil | AI14: 4.0 | AJ14: 0.0 | AK14: Bolivia
... A20: Japan | B20: 26.9 | C20: 23 | D20: 29 | E20: 33 | G20: 1986 | H20: Quarter-finals | I20: Belgium | J20: Spain | K20: Spain | L20: Chendo | M20: Jean-Marie Pfaff | N20: 6 | O20: 3 | P20: '1-3 | Q20: No | R20: No | S20: Goal | U20: 18 | V20: Alexandr Sojka | W20: 23 | X20: Czech Republic | Y20: CM | Z20: Viktoria Plzeň | AA20: 24 | AC20: 1930.0 | AD20: 30 Jul 1930 - 14:15 | AE20: Final | AF20: Estadio Centenario | AG20: Montevideo | AH20: Uruguay | AI20: 4.0 | AJ20: 2.0 | AK20: Argentina
A21: Morocco | B21: 26.1 | C21: 24 | D21: 29 | E21: 30 | G21: 1986 | H21: Quarter-finals | I21: Belgium | J21: Spain | K21: Belgium | L21: Stephane Demol | M21: Andoni Zubizarreta | N21: 7 | O21: 4 | P21: '2-3 | Q21: No | R21: No | S21: Goal | U21: 19 | V21: Pavel Šulc | W21: 25 | X21: Czech Republic | Y21: CAM | Z21: Lyon | AA21: 15 | AC21: 1934.0 | AD21: 27 May 1934 - 16:30 | AE21: Preliminary round | AF21: Stadio Benito Mussolini | AG21: Turin | AH21: Austria | AI21: 3.0 | AJ21: 2.0 | AK21: France | AL21: Austria win after extra time
A22: Scotland | B22: 28.7 | C22: 22 | D22: 26 | E22: 26 | G22: 1986 | H22: Quarter-finals | I22: Belgium | J22: Spain | K22: Spain | L22: Butragueño | M22: Andoni Zubizarreta | N22: 8 | O22: 4 | P22: '2-4 | Q22: No | R22: No | S22: Goal | U22: 20 | V22: Hugo Sochůrek | W22: 18 | X22: Czech Republic | Y22: CAM | Z22: Sparta Prague | AA22: 25 | AC22: 1934.0 | AD22: 27 May 1934 - 16:30 | AE22: Preliminary round | AF22: Giorgio Ascarelli | AG22: Naples | AH22: Hungary | AI22: 4.0 | AJ22: 2.0 | AK22: Egypt
A23: Senegal | B23: 26.6 | C23: 22 | D23: 15 | E23: 24 | G23: 1986 | H23: Quarter-finals | I23: Belgium | J23: Spain | K23: Belgium | L23: Leo Van Der Elst | M23: Andoni Zubizarreta | N23: 9 | O23: 5 | P23: '3-4 | Q23: No | R23: Yes | S23: Goal | U23: 21 | V23: Adam Hložek | W23: 23 | X23: Czech Republic | Y23: LW | Z23: TSG Hoffenheim | AA23: 9 | AC23: 1934.0 | AD23: 27 May 1934 - 16:30 | AE23: Preliminary round | AF23: San Siro | AG23: Milan | AH23: Switzerland | AI23: 3.0 | AJ23: 2.0 | AK23: Netherlands
A24: Turkey | B24: 27.2 | C24: 16 | D24: 10 | E24: 20 | G24: 1986 | H24: Quarter-finals | I24: Brazil | J24: France | K24: Brazil | L24: Sócrates | M24: Joël Bats | N24: 1 | O24: 1 | P24: '0-0 | Q24: No | R24: No | S24: Saved | U24: 22 | V24: Denis Višinský | W24: 23 | X24: Czech Republic | Y24: RW | Z24: Viktoria Plzeň | AA24: 26 | AC24: 1934.0 | AD24: 27 May 1934 - 16:30 | AE24: Preliminary round | AF24: Littorale | AG24: Bologna | AH24: Sweden | AI24: 3.0 | AJ24: 2.0 | AK24: Argentina
A25: Australia | B25: 26.9 | C25: 22 | D25: 24 | E25: 20 | G25: 1986 | H25: Quarter-finals | I25: Brazil | J25: France | K25: France | L25: Yannick Stopyra | M25: Carlos | N25: 2 | O25: 1 | P25: '0-0 | Q25: No | R25: No | S25: Goal | U25: 23 | V25: Patrik Schick | W25: 30 | X25: Czech Republic | Y25: ST | Z25: Bayer Leverkusen | AA25: 10 | AC25: 1934.0 | AD25: 27 May 1934 - 16:30 | AE25: Preliminary round | AF25: Giovanni Berta | AG25: Florence | AH25: Germany | AI25: 5.0 | AJ25: 2.0 | AK25: Belgium
A26: Ghana | B26: 26.4 | C26: 23 | D26: 18 | E26: 20 | G26: 1986 | H26: Quarter-finals | I26: Brazil | J26: France | K26: Brazil | L26: Alemão | M26: Joël Bats | N26: 3 | O26: 2 | P26: '0-1 | Q26: No | R26: No | S26: Goal | U26: 24 | V26: Jan Kuchta | W26: 29 | X26: Czech Republic | Y26: ST | Z26: Sparta Prague | AA26: 11 | AC26: 1934.0 | AD26: 27 May 1934 - 16:30 | AE26: Preliminary round | AF26: Luigi Ferraris | AG26: Genoa | AH26: Spain | AI26: 3.0 | AJ26: 1.0 | AK26: Brazil
A27: Norway | B27: 26.3 | C27: 22 | D27: 13 | E27: 17 | G27: 1986 | H27: Quarter-finals | I27: Brazil | J27: France | K27: Brazil | L27: Alemão | M27: Joël Bats | N27: 3 | O27: 2 | P27: '1-0 | Q27: No | R27: No | S27: Goal | U27: 25 | V27: Mojmír Chytil | W27: 27 | X27: Czech Republic | Y27: ST | Z27: Slavia Prague | AA27: 13 | AC27: 1934.0 | AD27: 27 May 1934 - 16:30 | AE27: Preliminary round | AF27: Nazionale PNF | AG27: Rome | AH27: Italy | AI27: 7.0 | AJ27: 1.0 | AK27: USA
A28: Ecuador | B28: 25.6 | C28: 23 | D28: 17 | E28: 16 | G28: 1986 | H28: Quarter-finals | I28: Brazil | J28: France | K28: France | L28: Manuel Amoros | M28: Carlos | N28: 4 | O28: 2 | P28: '1-1 | Q28: No | R28: No | S28: Goal | U28: 26 | V28: Tomáš Chorý | W28: 31 | X28: Czech Republic | Y28: ST | Z28: Slavia Prague | AA28: 19 | AC28: 1934.0 | AD28: 27 May 1934 - 16:30 | AE28: Preliminary round | AF28: Littorio | AG28: Trieste | AH28: Czechoslovakia | AI28: 2.0 | AJ28: 1.0 | AK28: Romania
A29: Tunisia | B29: 26.2 | C29: 24 | D29: 21 | E29: 16 | G29: 1986 | H29: Quarter-finals | I29: Brazil | J29: France | K29: Brazil | L29: Zico | M29: Joël Bats | N29: 5 | O29: 3 | P29: '2-1 | Q29: No | R29: No | S29: Goal | U29: 27 | V29: Raúl Rangel | W29: 26 | X29: Mexico | Y29: GK | Z29: Guadalajara | AA29: 1 | AC29: 1934.0 | AD29: 31 May 1934 - 16:30 | AE29: Quarter-finals | AF29: Stadio Benito Mussolini | AG29: Turin | AH29: Czechoslovakia | AI29: 3.0 | AJ29: 2.0 | AK29: Switzerland
A30: Saudi Arabia | B30: 28.0 | C30: 9 | D30: 22 | E30: 15 | G30: 1986 | H30: Quarter-finals | I30: Brazil | J30: France | K30: France | L30: Bruno Bellone | M30: Carlos | N30: 6 | O30: 3 | P30: '2-2 | Q30: No | R30: No | S30: Goal | U30: 28 | V30: Carlos Acevedo | W30: 30 | X30: Mexico | Y30: GK | Z30: Santos Laguna | AA30: 12 | AC30: 1934.0 | AD30: 31 May 1934 - 16:30 | AE30: Quarter-finals | AF30: San Siro | AG30: Milan | AH30: Germany | AI30: 2.0 | AJ30: 1.0 | AK30: Sweden
A31: Algeria | B31: 26.5 | C31: 24 | D31: 16 | E31: 14 | G31: 1986 | H31: Quarter-finals | I31: Brazil | J31: France | K31: Brazil | L31: Branco | M31: Joël Bats | N31: 7 | O31: 4 | P31: '3-2 | Q31: No | R31: No | S31: Goal | U31: 29 | V31: Guillermo Ochoa | W31: 40 | X31: Mexico | Y31: GK | Z31: AEL Limassol | AA31: 13 | AC31: 1934.0 | AD31: 31 May 1934 - 16:30 | AE31: Quarter-finals | AF31: Giovanni Berta | AG31: Florence | AH31: Italy | AI31: 1.0 | AJ31: 1.0 | AK31: Spain
A32: Iran | B32: 29.8 | C32: 14 | D32: 15 | E32: 14 | G32: 1986 | H32: Quarter-finals | I32: Brazil | J32: France | K32: France | L32: Michel Platini | M32: Carlos | N32: 8 | O32: 4 | P32: '3-3 | Q32: No | R32: No | S32: Missed | U32: 30 | V32: César Montes | W32: 29 | X32: Mexico | Y32: CB | Z32: Lokomotiv Moscow | AA32: 3 | AC32: 1934.0 | AD32: 31 May 1934 - 16:30 | AE32: Quarter-finals | AF32: Littorale | AG32: Bologna | AH32: Austria | AI32: 2.0 | AJ32: 1.0 | AK32: Hungary
A33: Egypt | B33: 28.7 | C33: 14 | D33: 12 | E33: 13 | G33: 1986 | H33: Quarter-finals | I33: Brazil | J33: France | K33: Brazil | L33: Júlio César | M33: Joël Bats | N33: 9 | O33: 5 | P33: '3-3 | Q33: No | R33: No | S33: Missed | U33: 31 | V33: Johan Vásquez | W33: 27 | X33: Mexico | Y33: CB | Z33: Genoa | AA33: 5 | AC33: 1934.0 | AD33: 01 Jun 1934 - 16:30 | AE33: Quarter-finals | AF33: Giovanni Berta | AG33: Florence | AH33: Italy | AI33: 1.0 | AJ33: 0.0 | AK33: Spain
... A36: New Zealand | B36: 27.8 | C36: 19 | D36: 9 | E36: 8 | G36: 1986 | H36: Quarter-finals | I36: West Germany | J36: Mexico | K36: Mexico | L36: Manuel Negrete | M36: Harald Schumacher | N36: 2 | O36: 1 | P36: '1-0 | Q36: No | R36: No | S36: Goal | U36: 34 | V36: Jesús Gallardo | W36: 31 | X36: Mexico | Y36: LB | Z36: Toluca | AA36: 23 | AC36: 1934.0 | AD36: 07 Jun 1934 - 18:00 | AE36: Match for third place | AF36: Giorgio Ascarelli | AG36: Naples | AH36: Germany | AI36: 3.0 | AJ36: 2.0 | AK36: Austria
A37: Bosnia and Herzegovina | B37: 26.0 | C37: 24 | D37: 4 | E37: 5 | G37: 1986 | H37: Quarter-finals | I37: West Germany | J37: Mexico | K37: West Germany | L37: Andreas Brehme | M37: Pablo Larios | N37: 3 | O37: 2 | P37: '1-1 | Q37: No | R37: No | S37: Goal | U37: 35 | V37: Jorge Sánchez | W37: 28 | X37: Mexico | Y37: RB | Z37: PAOK | AA37: 2 | AC37: 1934.0 | AD37: 10 Jun 1934 - 17:30 | AE37: Final | AF37: Nazionale PNF | AG37: Rome | AH37: Italy | AI37: 2.0 | AJ37: 1.0 | AK37: Czechoslovakia | AL37: Italy win after extra time
A38: Côte d'Ivoire | B38: 25.3 | C38: 25 | D38: 3 | E38: 4 | G38: 1986 | H38: Quarter-finals | I38: West Germany | J38: Mexico | K38: Mexico | L38: Fernando Quirarte | M38: Harald Schumacher | N38: 4 | O38: 2 | P38: '1-2 | Q38: No | R38: No | S38: Saved | U38: 36 | V38: Edson Álvarez | W38: 28 | X38: Mexico | Y38: CDM | Z38: Fenerbahçe | AA38: 4 | AC38: 1938.0 | AD38: 04 Jun 1938 - 17:00 | AE38: First round | AF38: Parc des Princes | AG38: Paris | AH38: Switzerland | AI38: 1.0 | AJ38: 1.0 | AK38: Germany
A39: Haiti | B39: 27.0 | C39: 25 | D39: 6 | E39: 4 | G39: 1986 | H39: Quarter-finals | I39: West Germany | J39: Mexico | K39: West Germany | L39: Lothar Matthäus | M39: Pablo Larios | N39: 5 | O39: 3 | P39: '1-2 | Q39: No | R39: No | S39: Goal | U39: 37 | V39: Érik Lira | W39: 26 | X39: Mexico | Y39: CDM | Z39: Cruz Azul | AA39: 6 | AC39: 1938.0 | AD39: 05 Jun 1938 - 17:00 | AE39: First round | AF39: Velodrome Municipale | AG39: Reims | AH39: Hungary | AI39: 6.0 | AJ39: 0.0 | AK39: Dutch East Indies
A40: USA | B40: 26.4 | C40: 24 | D40: 5 | E40: 4 | G40: 1986 | H40: Quarter-finals | I40: West Germany | J40: Mexico | K40: Mexico | L40: Raúl Servín | M40: Harald Schumacher | N40: 6 | O40: 3 | P40: '1-3 | Q40: No | R40: No | S40: Saved | U40: 38 | V40: Obed Vargas | W40: 20 | X40: Mexico | Y40: CDM | Z40: Atlético Madrid | AA40: 18 | AC40: 1938.0 | AD40: 05 Jun 1938 - 17:00 | AE40: First round | AF40: Stade Olympique | AG40: Colombes | AH40: France | AI40: 3.0 | AJ40: 1.0 | AK40: Belgium
A41: Qatar | B41: 28.9 | C41: 8 | D41: 6 | E41: 3 | G41: 1986 | H41: Quarter-finals | I41: West Germany | J41: Mexico | K41: West Germany | L41: Pierre Littbarski | M41: Pablo Larios | N41: 7 | O41: 4 | P41: '1-3 | Q41: No | R41: Yes | S41: Goal | U41: 39 | V41: Luis Romo | W41: 31 | X41: Mexico | Y41: CM | Z41: Guadalajara | AA41: 7 | AC41: 1938.0 | AD41: 05 Jun 1938 - 17:00 | AE41: First round | AF41: Stade Municipal | AG41: Toulouse | AH41: Cuba | AI41: 3.0 | AJ41: 3.0 | AK41: Romania
A42: Czech Republic | B42: 27.2 | C42: 11 | D42: 3 | E42: 2 | G42: 1990 | H42: Round of 16 | I42: Republic of Ireland | J42: Romania | K42: Republic of Ireland | L42: Kevin Sheedy | M42: Silviu Lung | N42: 1 | O42: 1 | P42: '0-0 | Q42: No | R42: No | S42: Goal | U42: 40 | V42: Álvaro Fidalgo | W42: 29 | X42: Mexico | Y42: CM | Z42: Real Betis | AA42: 8 | AC42: 1938.0 | AD42: 05 Jun 1938 - 17:00 | AE42: First round | AF42: Stade V�lodrome | AG42: Marseilles | AH42: Italy | AI42: 2.0 | AJ42: 1.0 | AK42: Norway | AL42: Italy win after extra time
A43: Panama | B43: 30.0 | C43: 23 | D43: 6 | E43: 2 | G43: 1990 | H43: Round of 16 | I43: Republic of Ireland | J43: Romania | K43: Romania | L43: Gheorghe Hagi | M43: Pat Bonner | N43: 2 | O43: 1 | P43: '1-0 | Q43: No | R43: No | S43: Goal | U43: 41 | V43: Luis Chávez | W43: 30 | X43: Mexico | Y43: CM | Z43: Dynamo Moscow | AA43: 24 | AC43: 1938.0 | AD43: 05 Jun 1938 - 17:30 | AE43: First round | AF43: Stade de la Meinau | AG43: Strasbourg | AH43: Brazil | AI43: 6.0 | AJ43: 5.0 | AK43: Poland | AL43: Brazil win after extra time
A44: Iraq | B44: 26.4 | C44: 20 | D44: 5 | E44: 2 | G44: 1990 | H44: Round of 16 | I44: Republic of Ireland | J44: Romania | K44: Republic of Ireland | L44: Ray Houghton | M44: Silviu Lung | N44: 3 | O44: 2 | P44: '1-1 | Q44: No | R44: No | S44: Goal | U44: 42 | V44: Orbelín Pineda | W44: 30 | X44: Mexico | Y44: CAM | Z44: AEK Athens | AA44: 17 | AC44: 1938.0 | AD44: 05 Jun 1938 - 18:30 | AE44: First round | AF44: Cavee Verte | AG44: Le Havre | AH44: Czechoslovakia | AI44: 3.0 | AJ44: 0.0 | AK44: Netherlands | AL44: Czechoslovakia win after extra time
A45: Uzbekistan | B45: 27.7 | C45: 16 | D45: 1 | E45: 1 | G45: 1990 | H45: Round of 16 | I45: Republic of Ireland | J45: Romania | K45: Romania | L45: Dănuț Lupu | M45: Pat Bonner | N45: 4 | O45: 2 | P45: '1-2 | Q45: No | R45: No | S45: Goal | U45: 43 | V45: Gilberto Mora | W45: 17 | X45: Mexico | Y45: CAM | Z45: Tijuana | AA45: 19 | AC45: 1938.0 | AD45: 09 Jun 1938 - 18:00 | AE45: First round | AF45: Stade Municipal | AG45: Toulouse | AH45: Cuba | AI45: 2.0 | AJ45: 1.0 | AK45: Romania
A46: Curaçao | B46: 27.5 | C46: 22 | D46: 3 | E46: 1 | G46: 1990 | H46: Round of 16 | I46: Republic of Ireland | J46: Romania | K46: Republic of Ireland | L46: Andy Townsend | M46: Silviu Lung | N46: 5 | O46: 3 | P46: '2-2 | Q46: No | R46: No | S46: Goal | U46: 44 | V46: Brian Gutiérrez | W46: 22 | X46: Mexico | Y46: CAM | Z46: Guadalajara | AA46: 26 | AC46: 1938.0 | AD46: 09 Jun 1938 - 18:00 | AE46: First round | AF46: Parc des Princes | AG46: Paris | AH46: Switzerland | AI46: 4.0 | AJ46: 2.0 | AK46: Germany
A47: Jordan | B47: 28.1 | C47: 14 | D47: 1 | E47: 1 | G47: 1990 | H47: Round of 16 | I47: Republic of Ireland | J47: Romania | K47: Romania | L47: Ioan Sabău | M47: Pat Bonner | N47: 6 | O47: 3 | P47: '2-3 | Q47: No | R47: No | S47: Goal | U47: 45 | V47: Alexis Vega | W47: 28 | X47: Mexico | Y47: LW | Z47: Toluca | AA47: 10 | AC47: 1938.0 | AD47: 12 Jun 1938 - 17:00 | AE47: Quarter-finals | AF47: Stade du Parc Lescure | AG47: Bordeaux | AH47: Brazil | AI47: 1.0 | AJ47: 1.0 | AK47: Czechoslovakia
A48: Republic of Korea | B48: 27.5 | C48: 22 | D48: 0 | E48: 0 | G48: 1990 | H48: Round of 16 | I48: Republic of Ireland | J48: Romania | K48: Republic of Ireland | L48: Tony Cascarino | M48: Silviu Lung | N48: 7 | O48: 4 | P48: '3-3 | Q48: No | R48: No | S48: Goal | U48: 46 | V48: César Huerta | W48: 25 | X48: Mexico | Y48: LW | Z48: Anderlecht | AA48: 21 | AC48: 1938.0 | AD48: 12 Jun 1938 - 17:00 | AE48: Quarter-finals | AF48: Victor Boucquey | AG48: Lille | AH48: Hungary | AI48: 2.0 | AJ48: 0.0 | AK48: Switzerland
A49: Cape Verde | B49: 29.2 | C49: 26 | D49: 0 | E49: 0 | G49: 1990 | H49: Round of 16 | I49: Republic of Ireland | J49: Romania | K49: Romania | L49: Ioan Lupescu | M49: Pat Bonner | N49: 8 | O49: 4 | P49: '3-4 | Q49: No | R49: No | S49: Goal | U49: 47 | V49: Julián Quiñones | W49: 29 | X49: Mexico | Y49: RW | Z49: Al-Qadsiah | AA49: 16 | AC49: 1938.0 | AD49: 12 Jun 1938 - 17:00 | AE49: Quarter-finals | AF49: Fort Carree | AG49: Antibes | AH49: Sweden | AI49: 8.0 | AJ49: 0.0 | AK49: Cuba
A50: DR Congo | B50: 28.5 | C50: 24 | D50: 0 | E50: 0 | G50: 1990 | H50: Round of 16 | I50: Republic of Ireland | J50: Romania | K50: Republic of Ireland | L50: David O'Leary | M50: Silviu Lung | N50: 9 | O50: 5 | P50: '4-4 | Q50: No | R50: No | S50: Goal | U50: 48 | V50: Roberto Alvarado | W50: 27 | X50: Mexico | Y50: RW | Z50: Guadalajara | AA50: 25 | AC50: 1938.0 | AD50: 12 Jun 1938 - 17:00 | AE50: Quarter-finals | AF50: Stade Olympique | AG50: Colombes | AH50: Italy | AI50: 3.0 | AJ50: 1.0 | AK50: France
G51: 1990 | H51: Round of 16 | I51: Republic of Ireland | J51: Romania | K51: Romania | L51: Daniel Timofte | M51: Pat Bonner | N51: 10 | O51: 5 | P51: '4-5 | Q51: Yes | R51: Yes | S51: Saved | U51: 49 | V51: Raúl Jiménez | W51: 35 | X51: Mexico | Y51: ST | Z51: Fulham | AA51: 9 | AC51: 1938.0 | AD51: 14 Jun 1938 - 18:00 | AE51: Quarter-finals | AF51: Stade du Parc Lescure | AG51: Bordeaux | AH51: Brazil | AI51: 2.0 | AJ51: 1.0 | AK51: Czechoslovakia
G52: 1990 | H52: Quarter-finals | I52: Argentina | J52: Yugoslavia | K52: Argentina | L52: José Serrizuela | M52: Tomislav Ivković | N52: 1 | O52: 1 | P52: '0-0 | Q52: No | R52: No | S52: Goal | U52: 50 | V52: Santiago Giménez | W52: 25 | X52: Mexico | Y52: ST | Z52: AC Milan | AA52: 11 | AC52: 1938.0 | AD52: 16 Jun 1938 - 18:00 | AE52: Semi-finals | AF52: Parc des Princes | AG52: Paris | AH52: Hungary | AI52: 5.0 | AJ52: 1.0 | AK52: Sweden
G53: 1990 | H53: Quarter-finals | I53: Argentina | J53: Yugoslavia | K53: Yugoslavia | L53: Dragan Stojković | M53: Sergio Goycochea | N53: 2 | O53: 1 | P53: '1-0 | Q53: No | R53: No | S53: Missed | U53: 51 | V53: Armando González | W53: 23 | X53: Mexico | Y53: ST | Z53: Guadalajara | AA53: 14 | AC53: 1938.0 | AD53: 16 Jun 1938 - 18:00 | AE53: Semi-finals | AF53: Stade V�lodrome | AG53: Marseilles | AH53: Italy | AI53: 2.0 | AJ53: 1.0 | AK53: Brazil
G54: 1990 | H54: Quarter-finals | I54: Argentina | J54: Yugoslavia | K54: Argentina | L54: Jorge Burruchaga | M54: Tomislav Ivković | N54: 3 | O54: 2 | P54: '1-0 | Q54: No | R54: No | S54: Goal | U54: 52 | V54: Guillermo Martínez | W54: 31 | X54: Mexico | Y54: ST | Z54: Pumas UNAM | AA54: 22 | AC54: 1938.0 | AD54: 19 Jun 1938 - 17:00 | AE54: Match for third place | AF54: Stade du Parc Lescure | AG54: Bordeaux | AH54: Brazil | AI54: 4.0 | AJ54: 2.0 | AK54: Sweden
G55: 1990 | H55: Quarter-finals | I55: Argentina | J55: Yugoslavia | K55: Yugoslavia | L55: Robert Prosinečki | M55: Sergio Goycochea | N55: 4 | O55: 2 | P55: '2-0 | Q55: No | R55: No | S55: Goal | U55: 53 | V55: Ronwen Williams | W55: 34 | X55: South Africa | Y55: GK | Z55: Mamelodi Sundowns | AA55: 1 | AC55: 1938.0 | AD55: 19 Jun 1938 - 17:00 | AE55: Final | AF55: Stade Olympique | AG55: Colombes | AH55: Italy | AI55: 4.0 | AJ55: 2.0 | AK55: Hungary
G56: 1990 | H56: Quarter-finals | I56: Argentina | J56: Yugoslavia | K56: Argentina | L56: Diego Maradona | M56: Tomislav Ivković | N56: 5 | O56: 3 | P56: '1-2 | Q56: No | R56: No | S56: Saved | U56: 54 | V56: Sipho Chaine | W56: 29 | X56: South Africa | Y56: GK | Z56: Orlando Pirates | AA56: 16 | AC56: 1950.0 | AD56: 24 Jun 1950 - 15:00 | AE56: Group 1 | AF56: Maracan� - Est�dio Jornalista M�rio Filho | AG56: Rio De Janeiro | AH56: Brazil | AI56: 4.0 | AJ56: 0.0 | AK56: Mexico
G57: 1990 | H57: Quarter-finals | I57: Argentina | J57: Yugoslavia | K57: Yugoslavia | L57: Dejan Savićević | M57: Sergio Goycochea | N57: 6 | O57: 3 | P57: '1-2 | Q57: No | R57: No | S57: Goal | U57: 55 | V57: Ricardo Goss | W57: 32 | X57: South Africa | Y57: GK | Z57: Siwelele | AA57: 22 | AC57: 1950.0 | AD57: 25 Jun 1950 - 15:00 | AE57: Group 2 | AF57: Maracan� - Est�dio Jornalista M�rio Filho | AG57: Rio De Janeiro | AH57: England | AI57: 2.0 | AJ57: 0.0 | AK57: Chile
G58: 1990 | H58: Quarter-finals | I58: Argentina | J58: Yugoslavia | K58: Argentina | L58: Pedro Troglio | M58: Tomislav Ivković | N58: 7 | O58: 4 | P58: '2-2 | Q58: No | R58: No | S58: Missed | U58: 56 | V58: Khulumani Ndamane | W58: 22 | X58: South Africa | Y58: CB | Z58: Mamelodi Sundowns | AA58: 3 | AC58: 1950.0 | AD58: 25 Jun 1950 - 15:00 | AE58: Group 2 | AF58: Durival de Brito | AG58: Curitiba | AH58: Spain | AI58: 3.0 | AJ58: 1.0 | AK58: USA
G59: 1990 | H59: Quarter-finals | I59: Argentina | J59: Yugoslavia | K59: Yugoslavia | L59: Dragoljub Brnović | M59: Sergio Goycochea | N59: 8 | O59: 4 | P59: '2-2 | Q59: No | R59: No | S59: Saved | U59: 57 | V59: Mbekezeli Mbokazi | W59: 20 | X59: South Africa | Y59: CB | Z59: Chicago Fire FC | AA59: 14 | AC59: 1950.0 | AD59: 25 Jun 1950 - 15:00 | AE59: Group 3 | AF59: Pacaembu | AG59: Sao Paulo | AH59: Sweden | AI59: 3.0 | AJ59: 2.0 | AK59: Italy
G60: 1990 | H60: Quarter-finals | I60: Argentina | J60: Yugoslavia | K60: Argentina | L60: Gustavo Dezotti | M60: Tomislav Ivković | N60: 9 | O60: 5 | P60: '2-2 | Q60: No | R60: No | S60: Goal | U60: 58 | V60: Nkosinathi Sibisi | W60: 30 | X60: South Africa | Y60: CB | Z60: Orlando Pirates | AA60: 19 | AC60: 1950.0 | AD60: 25 Jun 1950 - 15:00 | AE60: Group 1 | AF60: Independencia | AG60: Belo Horizonte | AH60: Yugoslavia | AI60: 3.0 | AJ60: 0.0 | AK60: Switzerland
G61: 1990 | H61: Quarter-finals | I61: Argentina | J61: Yugoslavia | K61: Yugoslavia | L61: Faruk Hadžibegić | M61: Sergio Goycochea | N61: 10 | O61: 5 | P61: '2-3 | Q61: Yes | R61: Yes | S61: Saved | U61: 59 | V61: Ime Okon | W61: 22 | X61: South Africa | Y61: CB | Z61: Hannover 96 | AA61: 21 | AC61: 1950.0 | AD61: 28 Jun 1950 - 15:00 | AE61: Group 1 | AF61: Pacaembu | AG61: Sao Paulo | AH61: Brazil | AI61: 2.0 | AJ61: 2.0 | AK61: Switzerland
G62: 1990 | H62: Semi-finals | I62: Argentina | J62: Italy | K62: Italy | L62: Franco Baresi | M62: Sergio Goycochea | N62: 1 | O62: 1 | P62: '0-0 | Q62: No | R62: No | S62: Goal | U62: 60 | V62: Olwethu Makhanya | W62: 22 | X62: South Africa | Y62: CB | Z62: Philadelphia Union | AA62: 24 | AC62: 1950.0 | AD62: 28 Jun 1950 - 15:00 | AE62: Group 1 | AF62: Eucaliptos | AG62: Porto Alegre | AH62: Yugoslavia | AI62: 4.0 | AJ62: 1.0 | AK62: Mexico
... G100: 1994 | H100: Final | I100: Brazil | J100: Italy | K100: Italy | L100: Franco Baresi | M100: Taffarel | N100: 1 | O100: 1 | P100: '0-0 | Q100: No | R100: No | S100: Missed | U100: 98 | V100: Son Heung-min | W100: 33 | X100: Republic of Korea | Y100: LW | Z100: Los Angeles FC | AA100: 7 | AC100: 1954.0 | AD100: 30 Jun 1954 - 18:00 | AE100: Semi-finals | AF100: St. Jakob | AG100: Basel | AH100: Germany FR | AI100: 6.0 | AJ100: 1.0 | AK100: Austria
G101: 1994 | H101: Final | I101: Brazil | J101: Italy | K101: Brazil | L101: Márcio Santos | M101: Gianluca Pagliuca | N101: 2 | O101: 1 | P101: '0-0 | Q101: No | R101: No | S101: Saved | U101: 99 | V101: Hwang Hee-chan | W101: 30 | X101: Republic of Korea | Y101: LW | Z101: Wolverhampton Wanderers | AA101: 11 | AC101: 1954.0 | AD101: 30 Jun 1954 - 18:00 | AE101: Semi-finals | AF101: La Pontaise | AG101: Lausanne | AH101: Hungary | AI101: 4.0 | AJ101: 2.0 | AK101: Uruguay | AL101: Hungary win after extra time
G102: 1994 | H102: Final | I102: Brazil | J102: Italy | K102: Italy | L102: Demetrio Albertini | M102: Taffarel | N102: 3 | O102: 2 | P102: '0-0 | Q102: No | R102: No | S102: Goal | U102: 100 | V102: Eom Ji-sung | W102: 24 | X102: Republic of Korea | Y102: LW | Z102: Swansea City | AA102: 25 | AC102: 1954.0 | AD102: 03 Jul 1954 - 17:00 | AE102: Match for third place | AF102: Hardturm | AG102: Zurich | AH102: Austria | AI102: 3.0 | AJ102: 1.0 | AK102: Uruguay
G103: 1994 | H103: Final | I103: Brazil | J103: Italy | K103: Brazil | L103: Romário | M103: Gianluca Pagliuca | N103: 4 | O103: 2 | P103: '0-1 | Q103: No | R103: No | S103: Goal | U103: 101 | V103: Lee Kang-in | W103: 25 | X103: Republic of Korea | Y103: RW | Z103: Paris Saint-Germain | AA103: 19 | AC103: 1954.0 | AD103: 04 Jul 1954 - 17:00 | AE103: Final | AF103: Wankdorf Stadium | AG103: Berne | AH103: Germany FR | AI103: 3.0 | AJ103: 2.0 | AK103: Hungary
G104: 1994 | H104: Final | I104: Brazil | J104: Italy | K104: Italy | L104: Alberico Evani | M104: Taffarel | N104: 5 | O104: 3 | P104: '1-1 | Q104: No | R104: No | S104: Goal | U104: 102 | V104: Yang Hyun-jun | W104: 24 | X104: Republic of Korea | Y104: RW | Z104: Celtic | AA104: 20 | AC104: 1958.0 | AD104: 08 Jun 1958 - 14:00 | AE104: Group 3 | AF104: Rasunda Stadium | AG104: Solna | AH104: Sweden | AI104: 3.0 | AJ104: 0.0 | AK104: Mexico
G105: 1994 | H105: Final | I105: Brazil | J105: Italy | K105: Brazil | L105: Branco | M105: Gianluca Pagliuca | N105: 6 | O105: 3 | P105: '2-1 | Q105: No | R105: No | S105: Goal | U105: 103 | V105: Cho Gue-sung | W105: 28 | X105: Republic of Korea | Y105: ST | Z105: Midtjylland | AA105: 9 | AC105: 1958.0 | AD105: 08 Jun 1958 - 19:00 | AE105: Group 4 | AF105: Nya Ullevi | AG105: Gothenburg | AH105: Soviet Union | AI105: 2.0 | AJ105: 2.0 | AK105: England
G106: 1994 | H106: Final | I106: Brazil | J106: Italy | K106: Italy | L106: Daniele Massaro | M106: Taffarel | N106: 7 | O106: 4 | P106: '2-2 | Q106: No | R106: No | S106: Saved | U106: 104 | V106: Oh Hyeon-gyu | W106: 25 | X106: Republic of Korea | Y106: ST | Z106: Beşiktaş | AA106: 18 | AC106: 1958.0 | AD106: 08 Jun 1958 - 19:00 | AE106: Group 1 | AF106: Malmo Stadion | AG106: Malm� | AH106: Argentina | AI106: 1.0 | AJ106: 3.0 | AK106: Germany FR
G107: 1994 | H107: Final | I107: Brazil | J107: Italy | K107: Brazil | L107: Dunga | M107: Gianluca Pagliuca | N107: 8 | O107: 4 | P107: '2-2 | Q107: No | R107: No | S107: Goal | U107: 105 | V107: Nikola Vasilj | W107: 30 | X107: Bosnia and Herzegovina | Y107: GK | Z107: FC St. Pauli | AA107: 1 | AC107: 1958.0 | AD107: 08 Jun 1958 - 19:00 | AE107: Group 3 | AF107: Jarnvallen | AG107: Sandviken | AH107: Hungary | AI107: 1.0 | AJ107: 1.0 | AK107: Wales
G108: 1994 | H108: Final | I108: Brazil | J108: Italy | K108: Italy | L108: Roberto Baggio | M108: Taffarel | N108: 9 | O108: 5 | P108: '3-2 | Q108: Yes | R108: Yes | S108: Missed | U108: 106 | V108: Mladen Jurkas | W108: 18 | X108: Bosnia and Herzegovina | Y108: GK | Z108: Borac Banja Luka | AA108: 12 | AC108: 1958.0 | AD108: 08 Jun 1958 - 19:00 | AE108: Group 2 | AF108: Idrottsparken | AG108: Norrk�Ping | AH108: France | AI108: 7.0 | AJ108: 3.0 | AK108: Paraguay
G109: 1998 | H109: Round of 16 | I109: Argentina | J109: England | K109: England | L109: Alan Shearer | M109: Carlos Roa | N109: 1 | O109: 1 | P109: '0-0 | Q109: No | R109: No | S109: Goal | U109: 107 | V109: Martin Zlomislić | W109: 27 | X109: Bosnia and Herzegovina | Y109: GK | Z109: Rijeka | AA109: 22 | AC109: 1958.0 | AD109: 08 Jun 1958 - 19:00 | AE109: Group 2 | AF109: Arosvallen | AG109: Vasteras | AH109: Yugoslavia | AI109: 1.0 | AJ109: 1.0 | AK109: Scotland
G110: 1998 | H110: Round of 16 | I110: Argentina | J110: England | K110: Argentina | L110: Sergio Berti | M110: Carlos Roa | N110: 2 | O110: 1 | P110: '0-1 | Q110: No | R110: No | S110: Goal | U110: 108 | V110: Nihad Mujakić | W110: 28 | X110: Bosnia and Herzegovina | Y110: CB | Z110: Gaziantep | AA110: 2 | AC110: 1958.0 | AD110: 08 Jun 1958 - 19:00 | AE110: Group 4 | AF110: Rimnersvallen | AG110: Udevalla | AH110: Brazil | AI110: 3.0 | AJ110: 0.0 | AK110: Austria
G111: 1998 | H111: Round of 16 | I111: Argentina | J111: England | K111: England | L111: Paul Ince | M111: Carlos Roa | N111: 3 | O111: 2 | P111: '1-1 | Q111: No | R111: No | S111: Saved | U111: 109 | V111: Dennis Hadžikadunić | W111: 27 | X111: Bosnia and Herzegovina | Y111: CB | Z111: Sampdoria | AA111: 3 | AC111: 1958.0 | AD111: 08 Jun 1958 - 19:00 | AE111: Group 1 | AF111: Orjans Vall | AG111: Halmstad | AH111: Northern Ireland | AI111: 1.0 | AJ111: 0.0 | AK111: Czechoslovakia
G112: 1998 | H112: Round of 16 | I112: Argentina | J112: England | K112: Argentina | L112: Hernán Crespo | M112: David Seaman | N112: 4 | O112: 2 | P112: '1-1 | Q112: No | R112: No | S112: Saved | U112: 110 | V112: Tarik Muharemović | W112: 23 | X112: Bosnia and Herzegovina | Y112: CB | Z112: Sassuolo | AA112: 4 | AC112: 1958.0 | AD112: 11 Jun 1958 - 19:00 | AE112: Group 4 | AF112: Nya Ullevi | AG112: Gothenburg | AH112: Brazil | AI112: 0.0 | AJ112: 0.0 | AK112: England
G113: 1998 | H113: Round of 16 | I113: Argentina | J113: England | K113: England | L113: Paul Merson | M113: Carlos Roa | N113: 5 | O113: 3 | P113: '1-1 | Q113: No | R113: No | S113: Goal | U113: 111 | V113: Nikola Katić | W113: 29 | X113: Bosnia and Herzegovina | Y113: CB | Z113: Schalke 04 | AA113: 18 | AC113: 1958.0 | AD113: 11 Jun 1958 - 19:00 | AE113: Group 3 | AF113: Rasunda Stadium | AG113: Solna | AH113: Mexico | AI113: 1.0 | AJ113: 1.0 | AK113: Wales
... G128: 1998 | H128: Semi-finals | I128: Brazil | J128: Netherlands | K128: Brazil | L128: Ronaldo | M128: Edwin van der Sar | N128: 1 | O128: 1 | P128: '0-0 | Q128: No | R128: No | S128: Goal | U128: 126 | V128: Samed Baždar | W128: 22 | X128: Bosnia and Herzegovina | Y128: ST | Z128: Jagiellonia Białystok | AA128: 9 | AC128: 1958.0 | AD128: 17 Jun 1958 - 19:00 | AE128: Group 4 | AF128: Nya Ullevi | AG128: Gothenburg | AH128: Soviet Union | AI128: 1.0 | AJ128: 0.0 | AK128: England
G129: 1998 | H129: Semi-finals | I129: Brazil | J129: Netherlands | K129: Netherlands | L129: Frank de Boer | M129: Taffarel | N129: 2 | O129: 1 | P129: '1-0 | Q129: No | R129: No | S129: Goal | U129: 127 | V129: Ermedin Demirović | W129: 28 | X129: Bosnia and Herzegovina | Y129: ST | Z129: VfB Stuttgart | AA129: 10 | AC129: 1958.0 | AD129: 17 Jun 1958 - 19:00 | AE129: Group 1 | AF129: Malmo Stadion | AG129: Malm� | AH129: Northern Ireland | AI129: 2.0 | AJ129: 1.0 | AK129: Czechoslovakia | AL129: Northern Ireland win after extra time
G130: 1998 | H130: Semi-finals | I130: Brazil | J130: Netherlands | K130: Brazil | L130: Rivaldo | M130: Edwin van der Sar | N130: 3 | O130: 2 | P130: '1-1 | Q130: No | R130: No | S130: Goal | U130: 128 | V130: Edin Džeko | W130: 40 | X130: Bosnia and Herzegovina | Y130: ST | Z130: Schalke 04 | AA130: 11 | AC130: 1958.0 | AD130: 17 Jun 1958 - 19:00 | AE130: Group 3 | AF130: Rasunda Stadium | AG130: Solna | AH130: Wales | AI130: 2.0 | AJ130: 1.0 | AK130: Hungary
G131: 1998 | H131: Semi-finals | I131: Brazil | J131: Netherlands | K131: Netherlands | L131: Dennis Bergkamp | M131: Taffarel | N131: 4 | O131: 2 | P131: '1-2 | Q131: No | R131: No | S131: Goal | U131: 129 | V131: Haris Tabaković | W131: 31 | X131: Bosnia and Herzegovina | Y131: ST | Z131: Borussia Mönchengladbach | AA131: 23 | AC131: 1958.0 | AD131: 19 Jun 1958 - 19:00 | AE131: Quarter-finals | AF131: Nya Ullevi | AG131: Gothenburg | AH131: Brazil | AI131: 1.0 | AJ131: 0.0 | AK131: Wales
G132: 1998 | H132: Semi-finals | I132: Brazil | J132: Netherlands | K132: Brazil | L132: Emerson | M132: Edwin van der Sar | N132: 5 | O132: 3 | P132: '2-2 | Q132: No | R132: No | S132: Goal | U132: 130 | V132: Jovo Lukić | W132: 27 | X132: Bosnia and Herzegovina | Y132: ST | Z132: Universitatea Cluj | AA132: 25 | AC132: 1958.0 | AD132: 19 Jun 1958 - 19:00 | AE132: Quarter-finals | AF132: Malmo Stadion | AG132: Malm� | AH132: Germany FR | AI132: 1.0 | AJ132: 0.0 | AK132: Yugoslavia
G133: 1998 | H133: Semi-finals | I133: Brazil | J133: Netherlands | K133: Netherlands | L133: Phillip Cocu | M133: Taffarel | N133: 6 | O133: 3 | P133: '2-3 | Q133: No | R133: No | S133: Saved | U133: 131 | V133: Dayne St. Clair | W133: 29 | X133: Canada | Y133: GK | Z133: Inter Miami CF | AA133: 1 | AC133: 1958.0 | AD133: 19 Jun 1958 - 19:00 | AE133: Quarter-finals | AF133: Rasunda Stadium | AG133: Solna | AH133: Sweden | AI133: 2.0 | AJ133: 0.0 | AK133: Soviet Union
G134: 1998 | H134: Semi-finals | I134: Brazil | J134: Netherlands | K134: Brazil | L134: Dunga | M134: Edwin van der Sar | N134: 7 | O134: 4 | P134: '2-3 | Q134: No | R134: No | S134: Goal | U134: 132 | V134: Maxime Crépeau | W134: 32 | X134: Canada | Y134: GK | Z134: Orlando City SC | AA134: 16 | AC134: 1958.0 | AD134: 19 Jun 1958 - 19:00 | AE134: Quarter-finals | AF134: Idrottsparken | AG134: Norrk�Ping | AH134: France | AI134: 4.0 | AJ134: 0.0 | AK134: Northern Ireland
G135: 1998 | H135: Semi-finals | I135: Brazil | J135: Netherlands | K135: Netherlands | L135: Ronald de Boer | M135: Taffarel | N135: 8 | O135: 4 | P135: '2-4 | Q135: Yes | R135: Yes | S135: Saved | U135: 133 | V135: Owen Goodman | W135: 22 | X135: Canada | Y135: GK | Z135: Barnsley | AA135: 18 | AC135: 1958.0 | AD135: 24 Jun 1958 - 19:00 | AE135: Semi-finals | AF135: Nya Ullevi | AG135: Gothenburg | AH135: Sweden | AI135: 3.0 | AJ135: 1.0 | AK135: Germany FR
G136: 2002 | H136: Round of 16 | I136: Spain | J136: Republic of Ireland | K136: Spain | L136: Robbie Keane | M136: Iker Casillas | N136: 1 | O136: 1 | P136: '0-0 | Q136: No | R136: No | S136: Goal | U136: 134 | V136: Alfie Jones | W136: 28 | X136: Canada | Y136: CB | Z136: Middlesbrough | AA136: 3 | AC136: 1958.0 | AD136: 24 Jun 1958 - 19:00 | AE136: Semi-finals | AF136: Rasunda Stadium | AG136: Solna | AH136: Brazil | AI136: 5.0 | AJ136: 2.0 | AK136: France
G137: 2002 | H137: Round of 16 | I137: Spain | J137: Republic of Ireland | K137: Republic of Ireland | L137: Ian Harte | M137: Iker Casillas | N137: 2 | O137: 1 | P137: '1-0 | Q137: No | R137: No | S137: Saved | U137: 135 | V137: Luc de Fougerolles | W137: 20 | X137: Canada | Y137: CB | Z137: Dender EH | AA137: 4 | AC137: 1958.0 | AD137: 28 Jun 1958 - 17:00 | AE137: Match for third place | AF137: Nya Ullevi | AG137: Gothenburg | AH137: France | AI137: 6.0 | AJ137: 3.0 | AK137: Germany FR
G138: 2002 | H138: Round of 16 | I138: Spain | J138: Republic of Ireland | K138: Spain | L138: Rubén Baraja | M138: Shay Given | N138: 3 | O138: 2 | P138: '1-0 | Q138: No | R138: No | S138: Goal | U138: 136 | V138: Joel Waterman | W138: 30 | X138: Canada | Y138: CB | Z138: Chicago Fire FC | AA138: 5 | AC138: 1958.0 | AD138: 29 Jun 1958 - 15:00 | AE138: Final | AF138: Rasunda Stadium | AG138: Solna | AH138: Brazil | AI138: 5.0 | AJ138: 2.0 | AK138: Sweden
G139: 2002 | H139: Round of 16 | I139: Spain | J139: Republic of Ireland | K139: Republic of Ireland | L139: David Connolly | M139: Iker Casillas | N139: 4 | O139: 2 | P139: '2-0 | Q139: No | R139: No | S139: Saved | U139: 137 | V139: Derek Cornelius | W139: 28 | X139: Canada | Y139: CB | Z139: Rangers | AA139: 13 | AC139: 1962.0 | AD139: 30 May 1962 - 15:00 | AE139: Group 1 | AF139: Carlos Dittborn | AG139: Arica | AH139: Uruguay | AI139: 2.0 | AJ139: 1.0 | AK139: Colombia
G140: 2002 | H140: Round of 16 | I140: Spain | J140: Republic of Ireland | K140: Spain | L140: Juanfran | M140: Shay Given | N140: 5 | O140: 3 | P140: '2-0 | Q140: No | R140: No | S140: Missed | U140: 138 | V140: Moïse Bombito | W140: 26 | X140: Canada | Y140: CB | Z140: Nice | AA140: 15 | AC140: 1962.0 | AD140: 30 May 1962 - 15:00 | AE140: Group 3 | AF140: Estadio Sausalito | AG140: Vina Del Mar | AH140: Brazil | AI140: 2.0 | AJ140: 0.0 | AK140: Mexico
G141: 2002 | H141: Round of 16 | I141: Spain | J141: Republic of Ireland | K141: Republic of Ireland | L141: Kevin Kilbane | M141: Iker Casillas | N141: 6 | O141: 3 | P141: '2-0 | Q141: No | R141: No | S141: Saved | U141: 139 | V141: Alphonso Davies | W141: 25 | X141: Canada | Y141: LB | Z141: Bayern Munich | AA141: 19 | AC141: 1962.0 | AD141: 30 May 1962 - 15:00 | AE141: Group 4 | AF141: Estadio El Teniente-Codelco | AG141: Rancagua | AH141: Argentina | AI141: 1.0 | AJ141: 0.0 | AK141: Bulgaria
... G201: 2010 | H201: Quarter-finals | I201: Uruguay | J201: Ghana | K201: Ghana | L201: John Mensah | M201: Fernando Muslera | N201: 6 | O201: 3 | P201: '2-3 | Q201: No | R201: No | S201: Saved | U201: 199 | V201: Djibril Sow | W201: 29 | X201: Switzerland | Y201: CM | Z201: Sevilla | AA201: 15 | AC201: 1966.0 | AD201: 28 Jul 1966 - 19:30 | AE201: Match for third place | AF201: Wembley Stadium | AG201: London | AH201: Portugal | AI201: 2.0 | AJ201: 1.0 | AK201: Soviet Union
G202: 2010 | H202: Quarter-finals | I202: Uruguay | J202: Ghana | K202: Uruguay | L202: Maxi Pereira | M202: Richard Kingson | N202: 7 | O202: 4 | P202: '2-3 | Q202: No | R202: No | S202: Missed | U202: 200 | V202: Michel Aebischer | W202: 29 | X202: Switzerland | Y202: CM | Z202: Pisa | AA202: 20 | AC202: 1966.0 | AD202: 30 Jul 1966 - 15:00 | AE202: Final | AF202: Wembley Stadium | AG202: London | AH202: England | AI202: 4.0 | AJ202: 2.0 | AK202: Germany FR | AL202: England win after extra time
G203: 2010 | H203: Quarter-finals | I203: Uruguay | J203: Ghana | K203: Ghana | L203: Dominic Adiyiah | M203: Fernando Muslera | N203: 8 | O203: 4 | P203: '2-3 | Q203: No | R203: No | S203: Saved | U203: 201 | V203: Fabian Rieder | W203: 24 | X203: Switzerland | Y203: CAM | Z203: FC Augsburg | AA203: 22 | AC203: 1970.0 | AD203: 31 May 1970 - 12:00 | AE203: Group 1 | AF203: Estadio Azteca | AG203: Mexico City | AH203: Mexico | AI203: 0.0 | AJ203: 0.0 | AK203: Soviet Union
G204: 2010 | H204: Quarter-finals | I204: Uruguay | J204: Ghana | K204: Uruguay | L204: Sebastián Abreu | M204: Richard Kingson | N204: 9 | O204: 5 | P204: '2-3 | Q204: No | R204: Yes | S204: Goal | U204: 202 | V204: Christian Fassnacht | W204: 32 | X204: Switzerland | Y204: RM | Z204: Young Boys | AA204: 16 | AC204: 1970.0 | AD204: 02 Jun 1970 - 16:00 | AE204: Group 2 | AF204: Cuauhtemoc | AG204: Puebla | AH204: Uruguay | AI204: 2.0 | AJ204: 0.0 | AK204: Israel
G205: 2014 | H205: Round of 16 | I205: Brazil | J205: Chile | K205: Brazil | L205: David Luiz | M205: Claudio Bravo | N205: 1 | O205: 1 | P205: '0-0 | Q205: No | R205: No | S205: Goal | U205: 203 | V205: Rubén Vargas | W205: 27 | X205: Switzerland | Y205: LW | Z205: Sevilla | AA205: 17 | AC205: 1970.0 | AD205: 02 Jun 1970 - 16:00 | AE205: Group 4 | AF205: Nou Camp - Estadio Le�n | AG205: Leon | AH205: Peru | AI205: 3.0 | AJ205: 2.0 | AK205: Bulgaria
G206: 2014 | H206: Round of 16 | I206: Brazil | J206: Chile | K206: Chile | L206: Mauricio Pinilla | M206: Júlio César | N206: 2 | O206: 1 | P206: '1-0 | Q206: No | R206: No | S206: Saved | U206: 204 | V206: Noah Okafor | W206: 26 | X206: Switzerland | Y206: LW | Z206: Leeds United | AA206: 19 | AC206: 1970.0 | AD206: 02 Jun 1970 - 16:00 | AE206: Group 3 | AF206: Jalisco | AG206: Guadalajara | AH206: England | AI206: 1.0 | AJ206: 0.0 | AK206: Romania
G207: 2014 | H207: Round of 16 | I207: Brazil | J207: Chile | K207: Brazil | L207: Willian | M207: Claudio Bravo | N207: 3 | O207: 2 | P207: '1-0 | Q207: No | R207: No | S207: Missed | U207: 205 | V207: Dan Ndoye | W207: 25 | X207: Switzerland | Y207: RW | Z207: Nottingham Forest | AA207: 11 | AC207: 1970.0 | AD207: 03 Jun 1970 - 16:00 | AE207: Group 2 | AF207: Luis Dosal | AG207: Toluca | AH207: Italy | AI207: 1.0 | AJ207: 0.0 | AK207: Sweden
G208: 2014 | H208: Round of 16 | I208: Brazil | J208: Chile | K208: Chile | L208: Alexis Sánchez | M208: Júlio César | N208: 4 | O208: 2 | P208: '1-0 | Q208: No | R208: No | S208: Saved | U208: 206 | V208: Breel Embolo | W208: 29 | X208: Switzerland | Y208: ST | Z208: Rennes | AA208: 7 | AC208: 1970.0 | AD208: 03 Jun 1970 - 16:00 | AE208: Group 4 | AF208: Nou Camp - Estadio Le�n | AG208: Leon | AH208: Germany FR | AI208: 2.0 | AJ208: 1.0 | AK208: Morocco
G209: 2014 | H209: Round of 16 | I209: Brazil | J209: Chile | K209: Brazil | L209: Marcelo | M209: Claudio Bravo | N209: 5 | O209: 3 | P209: '1-0 | Q209: No | R209: No | S209: Goal | U209: 207 | V209: Zeki Amdouni | W209: 25 | X209: Switzerland | Y209: ST | Z209: Burnley | AA209: 23 | AC209: 1970.0 | AD209: 03 Jun 1970 - 16:00 | AE209: Group 3 | AF209: Jalisco | AG209: Guadalajara | AH209: Brazil | AI209: 4.0 | AJ209: 1.0 | AK209: Czechoslovakia
G210: 2014 | H210: Round of 16 | I210: Brazil | J210: Chile | K210: Chile | L210: Charles Aránguiz | M210: Júlio César | N210: 6 | O210: 3 | P210: '1-2 | Q210: No | R210: No | S210: Goal | U210: 208 | V210: Cedric Itten | W210: 29 | X210: Switzerland | Y210: ST | Z210: Fortuna Düsseldorf | AA210: 26 | AC210: 1970.0 | AD210: 03 Jun 1970 - 16:00 | AE210: Group 1 | AF210: Estadio Azteca | AG210: Mexico City | AH210: Belgium | AI210: 3.0 | AJ210: 0.0 | AK210: El Salvador
G211: 2014 | H211: Round of 16 | I211: Brazil | J211: Chile | K211: Brazil | L211: Hulk | M211: Claudio Bravo | N211: 7 | O211: 4 | P211: '1-2 | Q211: No | R211: No | S211: Saved | U211: 209 | V211: Alisson | W211: 33 | X211: Brazil | Y211: GK | Z211: Liverpool | AA211: 1 | AC211: 1970.0 | AD211: 06 Jun 1970 - 16:00 | AE211: Group 2 | AF211: Cuauhtemoc | AG211: Puebla | AH211: Uruguay | AI211: 0.0 | AJ211: 0.0 | AK211: Italy
G212: 2014 | H212: Round of 16 | I212: Brazil | J212: Chile | K212: Chile | L212: Marcelo Díaz | M212: Júlio César | N212: 8 | O212: 4 | P212: '2-2 | Q212: No | R212: No | S212: Goal | U212: 210 | V212: Weverton | W212: 38 | X212: Brazil | Y212: GK | Z212: Grêmio | AA212: 12 | AC212: 1970.0 | AD212: 06 Jun 1970 - 16:00 | AE212: Group 4 | AF212: Nou Camp - Estadio Le�n | AG212: Leon | AH212: Peru | AI212: 3.0 | AJ212: 0.0 | AK212: Morocco
G213: 2014 | H213: Round of 16 | I213: Brazil | J213: Chile | K213: Brazil | L213: Neymar | M213: Claudio Bravo | N213: 9 | O213: 5 | P213: '2-2 | Q213: No | R213: No | S213: Goal | U213: 211 | V213: Ederson Moraes | W213: 32 | X213: Brazil | Y213: GK | Z213: Fenerbahçe | AA213: 23 | AC213: 1970.0 | AD213: 06 Jun 1970 - 16:00 | AE213: Group 3 | AF213: Jalisco | AG213: Guadalajara | AH213: Romania | AI213: 2.0 | AJ213: 1.0 | AK213: Czechoslovakia
G214: 2014 | H214: Round of 16 | I214: Brazil | J214: Chile | K214: Chile | L214: Gonzalo Jara | M214: Júlio César | N214: 10 | O214: 5 | P214: '2-3 | Q214: Yes | R214: Yes | S214: Missed | U214: 212 | V214: Gabriel Magalhães | W214: 28 | X214: Brazil | Y214: CB | Z214: Arsenal | AA214: 3 | AC214: 1970.0 | AD214: 06 Jun 1970 - 16:00 | AE214: Group 1 | AF214: Estadio Azteca | AG214: Mexico City | AH214: Soviet Union | AI214: 4.0 | AJ214: 1.0 | AK214: Belgium
... G227: 2014 | H227: Quarter-finals | I227: Netherlands | J227: Costa Rica | K227: Costa Rica | L227: Bryan Ruiz | M227: Tim Krul | N227: 4 | O227: 2 | P227: '1-2 | Q227: No | R227: No | S227: Saved | U227: 225 | V227: Lucas Paquetá | W227: 28 | X227: Brazil | Y227: CAM | Z227: Flamengo | AA227: 20 | AC227: 1970.0 | AD227: 14 Jun 1970 - 12:00 | AE227: Quarter-finals | AF227: Luis Dosal | AG227: Toluca | AH227: Italy | AI227: 4.0 | AJ227: 1.0 | AK227: Mexico
G228: 2014 | H228: Quarter-finals | I228: Netherlands | J228: Costa Rica | K228: Netherlands | L228: Wesley Sneijder | M228: Keylor Navas | N228: 5 | O228: 3 | P228: '1-2 | Q228: No | R228: No | S228: Goal | U228: 226 | V228: Vinícius Júnior | W228: 25 | X228: Brazil | Y228: LW | Z228: Real Madrid | AA228: 7 | AC228: 1970.0 | AD228: 14 Jun 1970 - 12:00 | AE228: Quarter-finals | AF228: Nou Camp - Estadio Le�n | AG228: Leon | AH228: Germany FR | AI228: 3.0 | AJ228: 2.0 | AK228: England | AL228: Germany FR win after extra time
G229: 2014 | H229: Quarter-finals | I229: Netherlands | J229: Costa Rica | K229: Costa Rica | L229: Giancarlo González | M229: Tim Krul | N229: 6 | O229: 3 | P229: '2-3 | Q229: No | R229: No | S229: Goal | U229: 227 | V229: Gabriel Martinelli | W229: 24 | X229: Brazil | Y229: LW | Z229: Arsenal | AA229: 22 | AC229: 1970.0 | AD229: 14 Jun 1970 - 12:00 | AE229: Quarter-finals | AF229: Jalisco | AG229: Guadalajara | AH229: Brazil | AI229: 4.0 | AJ229: 2.0 | AK229: Peru
...

Sheet DATA_QUALITE
A1: Raccourcis : | B1: HAUT DE PAGE | C1: DOUBLONS | D1: NOM DE PAYS | E1: CARACTERE SPECIAL | F1: DONNEES NUMERIQUES | G1: ETAPES DU CHAMPIONNAT
A2: HAUT DE PAGE
A3: DOUBLONS | C3: DOUBLONS | R3: NOM DE PAYS | NORMALISATION | Z3: CARACTERE SPECIAL | CORRECTION | AE3: DONNEES NUMERIQUES | NORMALISATION | AS3: ETAPES DU CHAMPIONNAT | NORMALISATION | AY3: ETAPES DU CHAMPIONNAT | VERIFICATION | BE3: VERIFICATION DU SCORE | BK3: NOMBRE DE MATCHS | VERIFICATION
A4: NOM DE PAYS | NORMALISATION | C4: Dataset : 2026_Team_ Summaries | D4: =IF(COUNTIF(H32:H79,"DOUBLON")=0,"PAS DE DOUBLONS","DOUBLONS = "&COUNTIF(H32:H79,"DUPLICATE")) -> PAS DE DOUBLONS | R4: Dataset : 2026_Team_ Summaries | S4: =IF(COUNTIF(T$13:T$60,"ERREUR")>0,"ERREURS DETECTEES = "&COUNTIF(T$13:T$60,"ERREUR")&" || ACTIONS APPORTEES : *AUCUNE = "&COUNTIF(U$13:U$60,"AUCUNE")&" *RENOMMER = "&COUNTIF(U$13:U$60,"RENOMMER"),"PAS D'ACTIONS ENTREPRISES") -> ERREURS DETECTEES = 6 || ACTIONS APPORTEES : *AUCUNE = 2 *RENOMMER = 4 | Z4: Dataset : 2026_Team_ Summaries | AA4: =IF(AB11="Aucuns caractères spéciaux détectés","PAS DE CORRECTIONS","ERREURS A CORRIGER") -> PAS DE CORRECTIONS | AE4: Dataset : 2026_Team_ Summaries | AF4: ="Colonne à convertir (texte > numérique) : "&COUNTIF(AE14:AI14,"OUI") -> Colonne à convertir (texte > numérique) : 1 | AS4: Dataset : 2026_Team_ Summaries | AT4: Pas d'étapes | AY4: Dataset : 2026_Team_ Summaries | AZ4: Pas d'étapes | BE4: Dataset : 2026_Team_ Summaries | BF4: Pas de score | BK4: Dataset : 2026_Team_ Summaries | BL4: Ne contient pas de match
A5: CARACTERE SPECIAL | CORRECTION | C5: Dataset : Penalty Shootouts (1982-2026) | D5: =IF(COUNTIF(P83:P434,"DOUBLON")=0,"PAS DE DOUBLONS","DOUBLONS = "&COUNTIF(P83:P434,"DUPLICATE")) -> PAS DE DOUBLONS | R5: Dataset : Penalty Shootouts (1982-2026) | S5: =IF(COUNTIF(T$63:T$1118,"ERREUR")>0,"ERREURS DETECTEES = "&COUNTIF(T$63:T$1118,"ERREUR")&" || ACTIONS APPORTEES : *AUCUNE = "&COUNTIF(U$63:U$1118,"AUCUNE")&" *RENOMMER = "&COUNTIF(U$63:U$1118,"RENOMMER"),"PAS D'ACTIONS ENTREPRISES") -> ERREURS DETECTEES = 141 || ACTIONS APPORTEES : *AUCUNE = 71 *RENOMMER = 70 | Z5: Dataset : Penalty Shootouts (1982-2026) | AA5: =IF(AND(AB12="Aucuns caractères spéciaux détectés",AB13="Aucuns caractères spéciaux détectés"),"PAS DE CORRECTIONS","ERREURS A CORRIGER") -> PAS DE CORRECTIONS | AE5: Dataset : Penalty Shootouts (1982-2026) | AF5: ="Colonne à convertir (texte > numérique) : "&COUNTIF(AE68:AQ68,"OUI") -> Colonne à convertir (texte > numérique) : 0 | AS5: Dataset : Penalty Shootouts (1982-2026) | AT5: OK | AY5: Dataset : Penalty Shootouts (1982-2026) | AZ5: Pas d'étapes | BE5: Dataset : Penalty Shootouts (1982-2026) | BF5: Pas de score | BK5: Dataset : Penalty Shootouts (1982-2026) | BL5: Ne contient pas de match
A6: DONNEES NUMERIQUES | NORMALISATION | C6: Dataset : 2026 Squads | D6: =IF(COUNTIF(J438:J1685,"DOUBLON")=0,"PAS DE DOUBLONS","DOUBLONS = "&COUNTIF(J438:J1685,"DUPLICATE")) -> PAS DE DOUBLONS | R6: Dataset : 2026 Squads | S6: =IF(COUNTIF(T$1121:T$2368,"ERREUR")>0,"ERREURS DETECTEES = "&COUNTIF(T$1121:T$2368,"ERREUR")&" || ACTIONS APPORTEES : *AUCUNE = "&COUNTIF(U$1121:U$2368,"AUCUNE")&" *RENOMMER = "&COUNTIF(U$1121:U$2368,"RENOMMER"),"PAS D'ACTIONS ENTREPRISES") -> ERREURS DETECTEES = 156 || ACTIONS APPORTEES : *AUCUNE = 52 *RENOMMER = 104 | Z6: Dataset : 2026 Squads | AA6: =IF(AND(AB14="Aucuns caractères spéciaux détectés",AB15="Aucuns caractères spéciaux détectés"),"PAS DE CORRECTIONS","ERREURS A CORRIGER") -> PAS DE CORRECTIONS | AE6: Dataset : 2026 Squads | AF6: ="Colonne à convertir (texte > numérique) : "&COUNTIF(AE75:AK75,"OUI") -> Colonne à convertir (texte > numérique) : 0 | AS6: Dataset : 2026 Squads | AT6: Pas d'étapes | AY6: Dataset : 2026 Squads | AZ6: Pas d'étapes | BE6: Dataset : 2026 Squads | BF6: Pas de score | BK6: Dataset : 2026 Squads | BL6: Ne contient aucun match
A7: ETAPES DU CHAMPIONNAT | NORMALISATION | C7: Dataset : Matches (1930-2026) | D7: =IF(COUNTIF(M1689:M2762,"DOUBLON")=0,"PAS DE DOUBLONS","DOUBLONS = "&COUNTIF(M1689:M2762,"DOUBLON")) -> DOUBLONS = 16 | R7: Dataset : Matches (1930-2026) | S7: =IF(COUNTIF(T2371:T4486,"ERREUR")>0,"ERREURS DETECTEES = "&COUNTIF(T2371:T4486,"ERREUR")&" || ACTIONS APPORTEES : *AUCUNE = "&COUNTIF(U2371:U4486,"AUCUNE")&" *RENOMMER = "&COUNTIF(U2371:U4486,"RENOMMER"),"PAS D'ACTIONS ENTREPRISES") -> ERREURS DETECTEES = 428 || ACTIONS APPORTEES : *AUCUNE = 230 *RENOMMER = 198 | Z7: Dataset : Matches (1930-2026) | AA7: =IF(AB16="Aucuns caractères spéciaux détectés","PAS DE CORRECTIONS","ERREURS A CORRIGER") -> ERREURS A CORRIGER | AE7: Dataset : Matches (1930-2026) | AF7: ="Colonne à convertir (texte > numérique) : "&COUNTIF(AE82:AN82,"OUI") -> Colonne à convertir (texte > numérique) : 3 | AS7: Dataset : Matches (1930-2026) | AT7: OK | AY7: Dataset : Matches (1930-2026) | AZ7: =IF(COUNTIF(BC12:BC71,"OK")<COUNTA(BC12:BC71),"ERREUR","OK") -> OK | BE7: Dataset : Matches (1930-2026) | BF7: =IF(COUNTIF(BF12:BF1069,"OK")<COUNTA(BF12:BF1069),"ERREUR","OK") -> OK | BK7: Dataset : Matches (1930-2026) | BL7: =IF(COUNTIF(BN12:BN34,"OK")<COUNTA(BN12:BN34),"ERREUR","OK") -> ERREUR
A8: ETAPES DU CHAMPIONNAT | VERIFICATION | R8: Colonne Win Conditions | S8: =IF(COUNTA(T4489:T5546)-COUNTIF(T4489:T5546,"-")>0,"ERREURS DETECTEES = "&COUNTA(T4489:T5546)-COUNTIF(T4489:T5546,"-")&" || ACTIONS APPORTEES : *AUCUNE = "&COUNTIF(U4489:U5546,"AUCUNE")&" *RENOMMER = "&COUNTIF(U4489:U5546,"RENOMMER"),"PAS D'ACTIONS ENTREPRISES") -> ERREURS DETECTEES = 69 || ACTIONS APPORTEES : *AUCUNE = 66 *RENOMMER = 3
A9: VERIFICATION DU SCORE
A10: NOMBRE DE MATCHS | VERIFICATION | B10: Vérification des doublons : | AB10: Caractère spécial trouvé | AE10: Dataset : 2026_Team_ Summaries | AY10: Dataset : Matches (1930-2026) | BE10: Dataset : Matches (1930-2026) | BK10: Dataset : Matches (1930-2026)
B11: ACTION | C11: Dataset : Matches (1930-2026) | R11: Tableau de correspondance | Z11: Dataset : 2026_Team_ Summaries | AA11: Country | AB11: {=_xlfn._xlws.FILTER(DATA_BRUT!A2:A50,ISNUMBER(SEARCH(_xlfn.UNICHAR(65533),DATA_BRUT!A2:A50)),"Aucuns caractères spéciaux détectés")} -> Aucuns caractères spéciaux détectés | AE11: ="Nombre de colonnes : "&COLUMNS(DATA_BRUT!A2:E2) -> Nombre de colonnes : 5 | AS11: Tableau de correspondance | AV11: Dataset : Penalty Shootouts (1982-2026) | AW11: Dataset : Matches (1930-2026) | AY11: ANNEE | AZ11: ETAPE | BA11: ATTENDU | BB11: ACTUEL | BC11: STATUS | BE11: Validité du score | BF11: TEAM_VALIDE | BG11: GAGNANT | BH11: CONDITIONS | BI11: GAGNANT_VALIDE | BK11: ANNEE | BL11: Nombre de matchs ATTENDU | BM11: Nombre de matchs ACTUEL | BN11: STATUS
B12: =UPPER("retiré") -> RETIRÉ | C12: {=_xlfn._xlws.FILTER(B1689:M2762,M1689:M2762="DOUBLON")} -> 2014.0 | D12: 28 Jun 2014 - 13:00 | E12: Round of 16 | F12: Estadio Mineirao | G12: Belo Horizonte | H12: Brazil | I12: 1.0 | J12: 1.0 | K12: Chile | L12: Brazil win on penalties (3 - 2) | M12: 2014.0|28 Jun 2014 - 13:00 |Round of 16|Estadio Mineirao|Belo Horizonte |Brazil|1.0|1.0|Chile|Brazil win on penalties (3 - 2) | N12: DOUBLON | R12: Liste des pays du monde | S12: Dataset : 2026_Team_ Summaries | T12: STATUS | U12: ACTION | V12: CORRECTION APPORTEE | W12: Liste des pays DATASET (corrigée) | X12: Liste des pays FIFA (unique) | Z12: Dataset : Penalty Shootouts (1982-2026) | AA12: Shooter_Name | AB12: {=_xlfn._xlws.FILTER(DATA_BRUT!G2:S354,ISNUMBER(SEARCH(_xlfn.UNICHAR(65533),DATA_BRUT!L2:L354)),"Aucuns caractères spéciaux détectés")} -> Aucuns caractères spéciaux détectés | AD12: Colonne | AE12: {=DATA_BRUT!A2:E2} -> Country | AF12: 2026_Average_Age | AG12: 2026_Unique_Clubs_Represented | AH12: Historical_Matches_Played | AI12: Historical_Goals_Scored | AS12: {=_xlfn._xlws.SORT(_xlfn.UNIQUE(_xlfn.VSTACK(DATA_BRUT!H3:H354,DATA_BRUT!AE3:AE1076)))} -> Final | AT12: FINAL | AU12: 1 | AV12: {=_xlfn.XLOOKUP(DATA_BRUT!H3:H354,_xlfn.ANCHORARRAY(DATA_QUALITE!AS12),DATA_QUALITE!AT12:AT38)} -> SEMI_FINALS | AW12: {=_xlfn._xlws.FILTER(_xlfn.XLOOKUP(DATA_BRUT!AE3:AE1076,_xlfn.ANCHORARRAY(DATA_QUALITE!AS12),DATA_QUALITE!AT12:AT38),M1689:M2762="OK")} -> GROUP_STAGE | AY12: {=INDEX(_xlfn.UNIQUE(DATA_CLEANED!AF3:'DATA_CLEANED'!AF1060),INT((ROWS(AY$12:AY12)-1)/3)+1)} -> 1930 | AZ12: QUARTER_FINALS | BA12: 0 | BB12: =COUNTIFS(DATA_CLEANED!AH$3:AH$1060,AZ12,DATA_CLEANED!AF$3:AF$1060,AY12) -> 0 | BC12: =IF(BA12>BB12,"Donnée manquante",IF(BA12<BB12,"A VERIFIER","OK")) -> OK | BE12: =IF(OR(DATA_CLEANED!AL3="",DATA_CLEANED!AM3=""),"MANQUANT",IF(OR(NOT(ISNUMBER(DATA_CLEANED!AL3)),NOT(ISNUMBER(DATA_CLEANED!AM3))),"ENTREE INVALIDE",IF(OR(DATA_CLEANED!AL3<0,DATA_CLEANED!AM3<0),"SCORE NEGATIF","OK"))) -> OK | BF12: =IF(DATA_CLEANED!AK3<>DATA_CLEANED!AN3,"OK","ERREUR") -> OK | BG12: =IF(DATA_CLEANED!AL3>DATA_CLEANED!AM3,DATA_CLEANED!AK3,IF(AND(DATA_QUALITE!W4489="-",DATA_CLEANED!AM3=DATA_CLEANED!AL3),"MATCH NUL",IF(AND(DATA_QUALITE!V4489="-",DATA_QUALITE!U4489="AUCUNE"),DATA_QUALITE!T4489,IF(DATA_QUALITE!V4489<>"-",DATA_QUALITE!V4489,DATA_CLEANED!AN3)))) -> France | BH12: =IF(AND(BG12="MATCH NUL",DATA_CLEANED!AO3="-"),"MATCH_NUL",IF(ISNUMBER(SEARCH("win on penalties",W4489)),"WIN_BY_PENALTY",IF(ISNUMBER(SEARCH("win after extra time",W4489)),"WIN_BY_EXTRA_TIME",IF(ISNUMBER(SEARCH("Golden Goal",W4489)),"WIN_BY_GOLDEN_GOAL","WIN_BY_SCORE")))) -> WIN_BY_SCORE | BI12: =IF(OR(BG12=DATA_CLEANED!AK3,BG12=DATA_CLEANED!AN3,BG12="MATCH NUL"),"OK","ERREUR") -> OK | BK12: {=_xlfn.UNIQUE(_xlfn.ANCHORARRAY(DATA_CLEANED!AF3))} -> 1930 | BL12: 18 | BM12: {=RESUME!F16:F38} -> 18 | BN12: =IF(BL12=BM12,"OK","MATCH_MANQUANTS") -> OK
B13: =UPPER("retiré") -> RETIRÉ | C13: 2014.0 | D13: 28 Jun 2014 - 17:00 | E13: Round of 16 | F13: Estadio do Maracana | G13: Rio De Janeiro | H13: Colombia | I13: 2.0 | J13: 0.0 | K13: Uruguay | M13: 2014.0|28 Jun 2014 - 17:00 |Round of 16|Estadio do Maracana|Rio De Janeiro |Colombia|2.0|0.0|Uruguay| | N13: DOUBLON | R13: Afghanistan | S13: {=DATA_BRUT!A3:A50} -> Brazil | T13: =IF(COUNTIF(R$13:R$250,S13)=1,"OK","ERREUR") -> OK | U13: =IF(OR(S13="Scotland",S13="England",S13="Wales",S13="Yugoslavia",S13="Czechoslovakia",S13="Northern Ireland",S13="Soviet Union",S13="Zaire",S13="Dutch East Indies"),"AUCUNE",IF(OR(S13="Cape Verde",S13="USA",S13="DR Congo",S13="Republic of Korea",S13="Germany FR",S13="Germany DR",S13="Czechia",S13="Ivory Coast",S13="Korea DPR",S13="China PR",S13="IR Iran",S13="Türkiye",S13="Congo DR",S13="German DR",ISNUMBER(SEARCH("rn"">United Arab Emirates",S13)),ISNUMBER(SEARCH("rn"">Republic of Ireland",S13)),ISNUMBER(SEARCH("rn"">Bosnia and Herzegovina",S13)),ISNUMBER(SEARCH("rn"">Trinidad and Tobago",S13)),ISNUMBER(SEARCH("rn"">Serbia and Montenegro",S13)),ISNUMBER(SEARCH(_xlfn.UNICHAR(65533),S13))),"RENOMMER","-")) -> - | V13: {=_xlfn.IFS( ISNUMBER(SEARCH("USA",S13)),"United States", ISNUMBER(SEARCH("Republic of Korea",S13)),"South Korea", ISNUMBER(SEARCH("Cape Verde",S13)),"Cabo Verde", ISNUMBER(SEARCH("Czechia",S13)),"Czech Republic", ISNUMBER(SEARCH("Türkiye",S13)),"Turkey", ISNUMBER(SEARCH("Ivory Coast",S13)),"Côte d'Ivoire", ISNUMBER(SEARCH("Korea Republic",S13)),"South Korea", ISNUMBER(SEARCH("Germany FR",S13)),"FR Germany", ISNUMBER(SEARCH("Germany DR",S13)),"DR Germany", ISNUMBER(SEARCH("Korea DPR",S13)),"North Korea", ISNUMBER(SEARCH("China PR",S13)),"China", ISNUMBER(SEARCH("IR Iran",S13)),"Iran", ISNUMBER(SEARCH("Congo DR",S13)),"Democratic Republic of the Congo", ISNUMBER(SEARCH("DR Congo",S13)),"Democratic Republic of the Congo", ISNUMBER(SEARCH("German DR",S13)),"DR Germany", ISNUMBER(SEARCH("rn"">United Arab Emirates",S13)),"United Arab Emirates", ISNUMBER(SEARCH("rn"">Republic of Ireland",S13)),"Ireland", ISNUMBER(SEARCH("rn"">Bosnia and Herzegovina",S13)),"Bosnia and Herzegovina", ISNUMBER(SEARCH("rn"">Trinidad and Tobago",S13)),"Trinidad and Tobago", ISNUMBER(SEARCH("rn"">Serbia and Montenegro",S13)),"Serbia and Montenegro", ISNUMBER(SEARCH(_xlfn.UNICHAR(65533),S13)),"Côte d'Ivoire", TRUE,"" )} | W13: =IF(V13="",S13,V13) -> Brazil | X13: {=_xlfn._xlws.SORT(_xlfn.UNIQUE(_xlfn.VSTACK(_xlfn.UNIQUE(W13:W60),_xlfn.UNIQUE(W63:W1118),_xlfn.UNIQUE(W1121:W2368),_xlfn.UNIQUE(W2371:W4486))),1,1)} -> Algeria | AA13: Goalkeeper_Name | AB13: {=_xlfn._xlws.FILTER(DATA_BRUT!G2:S354,ISNUMBER(SEARCH(_xlfn.UNICHAR(65533),DATA_BRUT!M2:M354)),"Aucuns caractères spéciaux détectés")} -> Aucuns caractères spéciaux détectés | AD13: Est numérique | AE13: {=ISNUMBER(DATA_BRUT!A3:E3)} -> FALSE | AF13: FALSE | AG13: TRUE | AH13: TRUE | AI13: TRUE | AS13: Finals | AT13: FINAL | AU13: 1 | AV13: SEMI_FINALS | AW13: GROUP_STAGE | AY13: {=INDEX(_xlfn.UNIQUE(DATA_CLEANED!AF4:'DATA_CLEANED'!AF1061),INT((ROWS(AY$12:AY13)-1)/3)+1)} -> 1930 | AZ13: SEMI_FINALS | BA13: 2 | BB13: =COUNTIFS(DATA_CLEANED!AH$3:AH$1060,AZ13,DATA_CLEANED!AF$3:AF$1060,AY13) -> 2 | BC13: =IF(BA13>BB13,"Donnée manquante",IF(BA13<BB13,"A VERIFIER","OK")) -> OK | BE13: =IF(OR(DATA_CLEANED!AL4="",DATA_CLEANED!AM4=""),"MANQUANT",IF(OR(NOT(ISNUMBER(DATA_CLEANED!AL4)),NOT(ISNUMBER(DATA_CLEANED!AM4))),"ENTREE INVALIDE",IF(OR(DATA_CLEANED!AL4<0,DATA_CLEANED!AM4<0),"SCORE NEGATIF","OK"))) -> OK | BF13: =IF(DATA_CLEANED!AK4<>DATA_CLEANED!AN4,"OK","ERREUR") -> OK | BG13: =IF(DATA_CLEANED!AL4>DATA_CLEANED!AM4,DATA_CLEANED!AK4,IF(AND(DATA_QUALITE!W4490="-",DATA_CLEANED!AM4=DATA_CLEANED!AL4),"MATCH NUL",IF(AND(DATA_QUALITE!V4490="-",DATA_QUALITE!U4490="AUCUNE"),DATA_QUALITE!T4490,IF(DATA_QUALITE!V4490<>"-",DATA_QUALITE!V4490,DATA_CLEANED!AN4)))) -> United States | BH13: =IF(AND(BG13="MATCH NUL",DATA_CLEANED!AO4="-"),"MATCH_NUL",IF(ISNUMBER(SEARCH("win on penalties",W4490)),"WIN_BY_PENALTY",IF(ISNUMBER(SEARCH("win after extra time",W4490)),"WIN_BY_EXTRA_TIME",IF(ISNUMBER(SEARCH("Golden Goal",W4490)),"WIN_BY_GOLDEN_GOAL","WIN_BY_SCORE")))) -> WIN_BY_SCORE | BI13: =IF(OR(BG13=DATA_CLEANED!AK4,BG13=DATA_CLEANED!AN4,BG13="MATCH NUL"),"OK","ERREUR") -> OK | BK13: 1934 | BL13: 17 | BM13: 17 | BN13: =IF(BL13=BM13,"OK","MATCH_MANQUANTS") -> OK
B14: =UPPER("retiré") -> RETIRÉ | C14: 2014.0 | D14: 29 Jun 2014 - 13:00 | E14: Round of 16 | F14: Estadio Castelao | G14: Fortaleza | H14: Netherlands | I14: 2.0 | J14: 1.0 | K14: Mexico | M14: 2014.0|29 Jun 2014 - 13:00 |Round of 16|Estadio Castelao|Fortaleza |Netherlands|2.0|1.0|Mexico| | N14: DOUBLON | R14: Albania | S14: Argentina | T14: =IF(COUNTIF(R$13:R$250,S14)=1,"OK","ERREUR") -> OK | U14: =IF(OR(S14="Scotland",S14="England",S14="Wales",S14="Yugoslavia",S14="Czechoslovakia",S14="Northern Ireland",S14="Soviet Union",S14="Zaire",S14="Dutch East Indies"),"AUCUNE",IF(OR(S14="Cape Verde",S14="USA",S14="DR Congo",S14="Republic of Korea",S14="Germany FR",S14="Germany DR",S14="Czechia",S14="Ivory Coast",S14="Korea DPR",S14="China PR",S14="IR Iran",S14="Türkiye",S14="Congo DR",S14="German DR",ISNUMBER(SEARCH("rn"">United Arab Emirates",S14)),ISNUMBER(SEARCH("rn"">Republic of Ireland",S14)),ISNUMBER(SEARCH("rn"">Bosnia and Herzegovina",S14)),ISNUMBER(SEARCH("rn"">Trinidad and Tobago",S14)),ISNUMBER(SEARCH("rn"">Serbia and Montenegro",S14)),ISNUMBER(SEARCH(_xlfn.UNICHAR(65533),S14))),"RENOMMER","-")) -> - | V14: {=_xlfn.IFS( ISNUMBER(SEARCH("USA",S14)),"United States", ISNUMBER(SEARCH("Republic of Korea",S14)),"South Korea", ISNUMBER(SEARCH("Cape Verde",S14)),"Cabo Verde", ISNUMBER(SEARCH("Czechia",S14)),"Czech Republic", ISNUMBER(SEARCH("Türkiye",S14)),"Turkey", ISNUMBER(SEARCH("Ivory Coast",S14)),"Côte d'Ivoire", ISNUMBER(SEARCH("Korea Republic",S14)),"South Korea", ISNUMBER(SEARCH("Germany FR",S14)),"FR Germany", ISNUMBER(SEARCH("Germany DR",S14)),"DR Germany", ISNUMBER(SEARCH("Korea DPR",S14)),"North Korea", ISNUMBER(SEARCH("China PR",S14)),"China", ISNUMBER(SEARCH("IR Iran",S14)),"Iran", ISNUMBER(SEARCH("Congo DR",S14)),"Democratic Republic of the Congo", ISNUMBER(SEARCH("DR Congo",S14)),"Democratic Republic of the Congo", ISNUMBER(SEARCH("German DR",S14)),"DR Germany", ISNUMBER(SEARCH("rn"">United Arab Emirates",S14)),"United Arab Emirates", ISNUMBER(SEARCH("rn"">Republic of Ireland",S14)),"Ireland", ISNUMBER(SEARCH("rn"">Bosnia and Herzegovina",S14)),"Bosnia and Herzegovina", ISNUMBER(SEARCH("rn"">Trinidad and Tobago",S14)),"Trinidad and Tobago", ISNUMBER(SEARCH("rn"">Serbia and Montenegro",S14)),"Serbia and Montenegro", ISNUMBER(SEARCH("te d'Ivoire",S14)),"Côte d'Ivoire", TRUE,"" )} | W14: =IF(V14="",S14,V14) -> Argentina | X14: Angola | Z14: Dataset : 2026 Squads | AA14: name | AB14: {=_xlfn._xlws.FILTER(DATA_BRUT!U2:AA1250,ISNUMBER(SEARCH(_xlfn.UNICHAR(65533),DATA_BRUT!V2:V1250)),"Aucuns caractères spéciaux détectés")} -> Aucuns caractères spéciaux détectés | AD14: Correction | AE14: NON | AF14: OUI | AG14: =IF(AG13=FALSE,"OUI","NON") -> NON | AH14: =IF(AH13=FALSE,"OUI","NON") -> NON | AI14: =IF(AI13=FALSE,"OUI","NON") -> NON | AS14: First round | AT14: GROUP_STAGE | AU14: 6 | AV14: SEMI_FINALS | AW14: GROUP_STAGE | AY14: {=INDEX(_xlfn.UNIQUE(DATA_CLEANED!AF5:'DATA_CLEANED'!AF1062),INT((ROWS(AY$12:AY14)-1)/3)+1)} -> 1930 | AZ14: FINAL | BA14: 1 | BB14: =COUNTIFS(DATA_CLEANED!AH$3:AH$1060,AZ14,DATA_CLEANED!AF$3:AF$1060,AY14) -> 1 | BC14: =IF(BA14>BB14,"Donnée manquante",IF(BA14<BB14,"A VERIFIER","OK")) -> OK | BE14: =IF(OR(DATA_CLEANED!AL5="",DATA_CLEANED!AM5=""),"MANQUANT",IF(OR(NOT(ISNUMBER(DATA_CLEANED!AL5)),NOT(ISNUMBER(DATA_CLEANED!AM5))),"ENTREE INVALIDE",IF(OR(DATA_CLEANED!AL5<0,DATA_CLEANED!AM5<0),"SCORE NEGATIF","OK"))) -> OK | BF14: =IF(DATA_CLEANED!AK5<>DATA_CLEANED!AN5,"OK","ERREUR") -> OK | BG14: =IF(DATA_CLEANED!AL5>DATA_CLEANED!AM5,DATA_CLEANED!AK5,IF(AND(DATA_QUALITE!W4491="-",DATA_CLEANED!AM5=DATA_CLEANED!AL5),"MATCH NUL",IF(AND(DATA_QUALITE!V4491="-",DATA_QUALITE!U4491="AUCUNE"),DATA_QUALITE!T4491,IF(DATA_QUALITE!V4491<>"-",DATA_QUALITE!V4491,DATA_CLEANED!AN5)))) -> Yugoslavia | BH14: =IF(AND(BG14="MATCH NUL",DATA_CLEANED!AO5="-"),"MATCH_NUL",IF(ISNUMBER(SEARCH("win on penalties",W4491)),"WIN_BY_PENALTY",IF(ISNUMBER(SEARCH("win after extra time",W4491)),"WIN_BY_EXTRA_TIME",IF(ISNUMBER(SEARCH("Golden Goal",W4491)),"WIN_BY_GOLDEN_GOAL","WIN_BY_SCORE")))) -> WIN_BY_SCORE | BI14: =IF(OR(BG14=DATA_CLEANED!AK5,BG14=DATA_CLEANED!AN5,BG14="MATCH NUL"),"OK","ERREUR") -> OK | BK14: 1938 | BL14: 18 | BM14: 18 | BN14: =IF(BL14=BM14,"OK","MATCH_MANQUANTS") -> OK
B15: =UPPER("retiré") -> RETIRÉ | C15: 2014.0 | D15: 29 Jun 2014 - 17:00 | E15: Round of 16 | F15: Arena Pernambuco | G15: Recife | H15: Costa Rica | I15: 1.0 | J15: 1.0 | K15: Greece | L15: Costa Rica win on penalties (5 - 3) | M15: 2014.0|29 Jun 2014 - 17:00 |Round of 16|Arena Pernambuco|Recife |Costa Rica|1.0|1.0|Greece|Costa Rica win on penalties (5 - 3) | N15: DOUBLON | R15: Algeria | S15: France | T15: =IF(COUNTIF(R$13:R$250,S15)=1,"OK","ERREUR") -> OK | U15: =IF(OR(S15="Scotland",S15="England",S15="Wales",S15="Yugoslavia",S15="Czechoslovakia",S15="Northern Ireland",S15="Soviet Union",S15="Zaire",S15="Dutch East Indies"),"AUCUNE",IF(OR(S15="Cape Verde",S15="USA",S15="DR Congo",S15="Republic of Korea",S15="Germany FR",S15="Germany DR",S15="Czechia",S15="Ivory Coast",S15="Korea DPR",S15="China PR",S15="IR Iran",S15="Türkiye",S15="Congo DR",S15="German DR",ISNUMBER(SEARCH("rn"">United Arab Emirates",S15)),ISNUMBER(SEARCH("rn"">Republic of Ireland",S15)),ISNUMBER(SEARCH("rn"">Bosnia and Herzegovina",S15)),ISNUMBER(SEARCH("rn"">Trinidad and Tobago",S15)),ISNUMBER(SEARCH("rn"">Serbia and Montenegro",S15)),ISNUMBER(SEARCH(_xlfn.UNICHAR(65533),S15))),"RENOMMER","-")) -> - | V15: {=_xlfn.IFS( ISNUMBER(SEARCH("USA",S15)),"United States", ISNUMBER(SEARCH("Republic of Korea",S15)),"South Korea", ISNUMBER(SEARCH("Cape Verde",S15)),"Cabo Verde", ISNUMBER(SEARCH("Czechia",S15)),"Czech Republic", ISNUMBER(SEARCH("Türkiye",S15)),"Turkey", ISNUMBER(SEARCH("Ivory Coast",S15)),"Côte d'Ivoire", ISNUMBER(SEARCH("Korea Republic",S15)),"South Korea", ISNUMBER(SEARCH("Germany FR",S15)),"FR Germany", ISNUMBER(SEARCH("Germany DR",S15)),"DR Germany", ISNUMBER(SEARCH("Korea DPR",S15)),"North Korea", ISNUMBER(SEARCH("China PR",S15)),"China", ISNUMBER(SEARCH("IR Iran",S15)),"Iran", ISNUMBER(SEARCH("Congo DR",S15)),"Democratic Republic of the Congo", ISNUMBER(SEARCH("DR Congo",S15)),"Democratic Republic of the Congo", ISNUMBER(SEARCH("German DR",S15)),"DR Germany", ISNUMBER(SEARCH("rn"">United Arab Emirates",S15)),"United Arab Emirates", ISNUMBER(SEARCH("rn"">Republic of Ireland",S15)),"Ireland", ISNUMBER(SEARCH("rn"">Bosnia and Herzegovina",S15)),"Bosnia and Herzegovina", ISNUMBER(SEARCH("rn"">Trinidad and Tobago",S15)),"Trinidad and Tobago", ISNUMBER(SEARCH("rn"">Serbia and Montenegro",S15)),"Serbia and Montenegro", ISNUMBER(SEARCH("te d'Ivoire",S15)),"Côte d'Ivoire", TRUE,"" )} | W15: =IF(V15="",S15,V15) -> France | X15: Argentina | AA15: club | AB15: {=_xlfn._xlws.FILTER(DATA_BRUT!U2:AA1250,ISNUMBER(SEARCH(_xlfn.UNICHAR(65533),DATA_BRUT!Z2:Z1250)),"Aucuns caractères spéciaux détectés")} -> Aucuns caractères spéciaux détectés | AD15: Colonne corrigée | AE15: =IF(AE14="NON","-","") -> - | AF15: {=VALUE(SUBSTITUTE(DATA_BRUT!B3:B50,".",","))} -> 28.8 | AG15: =IF(AG14="NON","-","") -> - | AH15: =IF(AH14="NON","-","") -> - | AI15: =IF(AI14="NON","-","") -> - | AS15: Group 1 | AT15: GROUP_STAGE | AU15: 6 | AV15: SEMI_FINALS | AW15: GROUP_STAGE | AY15: {=INDEX(_xlfn.UNIQUE(DATA_CLEANED!AF6:'DATA_CLEANED'!AF1063),INT((ROWS(AY$12:AY15)-1)/3)+1)} -> 1934 | AZ15: QUARTER_FINALS | BA15: 5 | BB15: =COUNTIFS(DATA_CLEANED!AH$3:AH$1060,AZ15,DATA_CLEANED!AF$3:AF$1060,AY15) -> 5 | BC15: =IF(BA15>BB15,"Donnée manquante",IF(BA15<BB15,"A VERIFIER","OK")) -> OK | BE15: =IF(OR(DATA_CLEANED!AL6="",DATA_CLEANED!AM6=""),"MANQUANT",IF(OR(NOT(ISNUMBER(DATA_CLEANED!AL6)),NOT(ISNUMBER(DATA_CLEANED!AM6))),"ENTREE INVALIDE",IF(OR(DATA_CLEANED!AL6<0,DATA_CLEANED!AM6<0),"SCORE NEGATIF","OK"))) -> OK | BF15: =IF(DATA_CLEANED!AK6<>DATA_CLEANED!AN6,"OK","ERREUR") -> OK | BG15: =IF(DATA_CLEANED!AL6>DATA_CLEANED!AM6,DATA_CLEANED!AK6,IF(AND(DATA_QUALITE!W4492="-",DATA_CLEANED!AM6=DATA_CLEANED!AL6),"MATCH NUL",IF(AND(DATA_QUALITE!V4492="-",DATA_QUALITE!U4492="AUCUNE"),DATA_QUALITE!T4492,IF(DATA_QUALITE!V4492<>"-",DATA_QUALITE!V4492,DATA_CLEANED!AN6)))) -> Romania | BH15: =IF(AND(BG15="MATCH NUL",DATA_CLEANED!AO6="-"),"MATCH_NUL",IF(ISNUMBER(SEARCH("win on penalties",W4492)),"WIN_BY_PENALTY",IF(ISNUMBER(SEARCH("win after extra time",W4492)),"WIN_BY_EXTRA_TIME",IF(ISNUMBER(SEARCH("Golden Goal",W4492)),"WIN_BY_GOLDEN_GOAL","WIN_BY_SCORE")))) -> WIN_BY_SCORE | BI15: =IF(OR(BG15=DATA_CLEANED!AK6,BG15=DATA_CLEANED!AN6,BG15="MATCH NUL"),"OK","ERREUR") -> OK | BK15: 1950 | BL15: 22 | BM15: 22 | BN15: =IF(BL15=BM15,"OK","MATCH_MANQUANTS") -> OK
B16: =UPPER("retiré") -> RETIRÉ | C16: 2014.0 | D16: 30 Jun 2014 - 13:00 | E16: Round of 16 | F16: Estadio Nacional | G16: Brasilia | H16: France | I16: 2.0 | J16: 0.0 | K16: Nigeria | M16: 2014.0|30 Jun 2014 - 13:00 |Round of 16|Estadio Nacional|Brasilia |France|2.0|0.0|Nigeria| | N16: DOUBLON | R16: American Samoa | S16: England | T16: =IF(COUNTIF(R$13:R$250,S16)=1,"OK","ERREUR") -> ERREUR | U16: =IF(OR(S16="Scotland",S16="England",S16="Wales",S16="Yugoslavia",S16="Czechoslovakia",S16="Northern Ireland",S16="Soviet Union",S16="Zaire",S16="Dutch East Indies"),"AUCUNE",IF(OR(S16="Cape Verde",S16="USA",S16="DR Congo",S16="Republic of Korea",S16="Germany FR",S16="Germany DR",S16="Czechia",S16="Ivory Coast",S16="Korea DPR",S16="China PR",S16="IR Iran",S16="Türkiye",S16="Congo DR",S16="German DR",ISNUMBER(SEARCH("rn"">United Arab Emirates",S16)),ISNUMBER(SEARCH("rn"">Republic of Ireland",S16)),ISNUMBER(SEARCH("rn"">Bosnia and Herzegovina",S16)),ISNUMBER(SEARCH("rn"">Trinidad and Tobago",S16)),ISNUMBER(SEARCH("rn"">Serbia and Montenegro",S16)),ISNUMBER(SEARCH(_xlfn.UNICHAR(65533),S16))),"RENOMMER","-")) -> AUCUNE | V16: {=_xlfn.IFS( ISNUMBER(SEARCH("USA",S16)),"United States", ISNUMBER(SEARCH("Republic of Korea",S16)),"South Korea", ISNUMBER(SEARCH("Cape Verde",S16)),"Cabo Verde", ISNUMBER(SEARCH("Czechia",S16)),"Czech Republic", ISNUMBER(SEARCH("Türkiye",S16)),"Turkey", ISNUMBER(SEARCH("Ivory Coast",S16)),"Côte d'Ivoire", ISNUMBER(SEARCH("Korea Republic",S16)),"South Korea", ISNUMBER(SEARCH("Germany FR",S16)),"FR Germany", ISNUMBER(SEARCH("Germany DR",S16)),"DR Germany", ISNUMBER(SEARCH("Korea DPR",S16)),"North Korea", ISNUMBER(SEARCH("China PR",S16)),"China", ISNUMBER(SEARCH("IR Iran",S16)),"Iran", ISNUMBER(SEARCH("Congo DR",S16)),"Democratic Republic of the Congo", ISNUMBER(SEARCH("DR Congo",S16)),"Democratic Republic of the Congo", ISNUMBER(SEARCH("German DR",S16)),"DR Germany", ISNUMBER(SEARCH("rn"">United Arab Emirates",S16)),"United Arab Emirates", ISNUMBER(SEARCH("rn"">Republic of Ireland",S16)),"Ireland", ISNUMBER(SEARCH("rn"">Bosnia and Herzegovina",S16)),"Bosnia and Herzegovina", ISNUMBER(SEARCH("rn"">Trinidad and Tobago",S16)),"Trinidad and Tobago", ISNUMBER(SEARCH("rn"">Serbia and Montenegro",S16)),"Serbia and Montenegro", ISNUMBER(SEARCH("te d'Ivoire",S16)),"Côte d'Ivoire", TRUE,"" )} | W16: =IF(V16="",S16,V16) -> England | X16: Australia | Z16: Dataset : Matches (1930-2026) | AA16: Stadium | AB16: {=_xlfn.UNIQUE(_xlfn._xlws.FILTER(DATA_BRUT!AF2:AF1076,ISNUMBER(SEARCH(_xlfn.UNICHAR(65533),DATA_BRUT!AF2:AF1076)),"Aucuns caractères spéciaux détectés"))} -> Stade V�lodrome | AF16: 28.7 | AS16: Group 2 | AT16: GROUP_STAGE | AU16: 6 | AV16: SEMI_FINALS | AW16: GROUP_STAGE | AY16: {=INDEX(_xlfn.UNIQUE(DATA_CLEANED!AF7:'DATA_CLEANED'!AF1064),INT((ROWS(AY$12:AY16)-1)/3)+1)} -> 1934 | AZ16: SEMI_FINALS | BA16: {=INDEX($BA$12:$BA$14,MOD(ROWS($BA$15:BA16)-1,3)+1)} -> 2 | BB16: =COUNTIFS(DATA_CLEANED!AH$3:AH$1060,AZ16,DATA_CLEANED!AF$3:AF$1060,AY16) -> 2 | BC16: =IF(BA16>BB16,"Donnée manquante",IF(BA16<BB16,"A VERIFIER","OK")) -> OK | BE16: =IF(OR(DATA_CLEANED!AL7="",DATA_CLEANED!AM7=""),"MANQUANT",IF(OR(NOT(ISNUMBER(DATA_CLEANED!AL7)),NOT(ISNUMBER(DATA_CLEANED!AM7))),"ENTREE INVALIDE",IF(OR(DATA_CLEANED!AL7<0,DATA_CLEANED!AM7<0),"SCORE NEGATIF","OK"))) -> OK | BF16: =IF(DATA_CLEANED!AK7<>DATA_CLEANED!AN7,"OK","ERREUR") -> OK | BG16: =IF(DATA_CLEANED!AL7>DATA_CLEANED!AM7,DATA_CLEANED!AK7,IF(AND(DATA_QUALITE!W4493="-",DATA_CLEANED!AM7=DATA_CLEANED!AL7),"MATCH NUL",IF(AND(DATA_QUALITE!V4493="-",DATA_QUALITE!U4493="AUCUNE"),DATA_QUALITE!T4493,IF(DATA_QUALITE!V4493<>"-",DATA_QUALITE!V4493,DATA_CLEANED!AN7)))) -> Argentina | BH16: =IF(AND(BG16="MATCH NUL",DATA_CLEANED!AO7="-"),"MATCH_NUL",IF(ISNUMBER(SEARCH("win on penalties",W4493)),"WIN_BY_PENALTY",IF(ISNUMBER(SEARCH("win after extra time",W4493)),"WIN_BY_EXTRA_TIME",IF(ISNUMBER(SEARCH("Golden Goal",W4493)),"WIN_BY_GOLDEN_GOAL","WIN_BY_SCORE")))) -> WIN_BY_SCORE | BI16: =IF(OR(BG16=DATA_CLEANED!AK7,BG16=DATA_CLEANED!AN7,BG16="MATCH NUL"),"OK","ERREUR") -> OK | BK16: 1954 | BL16: 26 | BM16: 26 | BN16: =IF(BL16=BM16,"OK","MATCH_MANQUANTS") -> OK
B17: =UPPER("retiré") -> RETIRÉ | C17: 2014.0 | D17: 30 Jun 2014 - 17:00 | E17: Round of 16 | F17: Estadio Beira-Rio | G17: Porto Alegre | H17: Germany | I17: 2.0 | J17: 1.0 | K17: Algeria | L17: Germany win after extra time | M17: 2014.0|30 Jun 2014 - 17:00 |Round of 16|Estadio Beira-Rio|Porto Alegre |Germany|2.0|1.0|Algeria|Germany win after extra time | N17: DOUBLON | R17: Andorra | S17: Germany | T17: =IF(COUNTIF(R$13:R$250,S17)=1,"OK","ERREUR") -> OK | U17: =IF(OR(S17="Scotland",S17="England",S17="Wales",S17="Yugoslavia",S17="Czechoslovakia",S17="Northern Ireland",S17="Soviet Union",S17="Zaire",S17="Dutch East Indies"),"AUCUNE",IF(OR(S17="Cape Verde",S17="USA",S17="DR Congo",S17="Republic of Korea",S17="Germany FR",S17="Germany DR",S17="Czechia",S17="Ivory Coast",S17="Korea DPR",S17="China PR",S17="IR Iran",S17="Türkiye",S17="Congo DR",S17="German DR",ISNUMBER(SEARCH("rn"">United Arab Emirates",S17)),ISNUMBER(SEARCH("rn"">Republic of Ireland",S17)),ISNUMBER(SEARCH("rn"">Bosnia and Herzegovina",S17)),ISNUMBER(SEARCH("rn"">Trinidad and Tobago",S17)),ISNUMBER(SEARCH("rn"">Serbia and Montenegro",S17)),ISNUMBER(SEARCH(_xlfn.UNICHAR(65533),S17))),"RENOMMER","-")) -> - | V17: {=_xlfn.IFS( ISNUMBER(SEARCH("USA",S17)),"United States", ISNUMBER(SEARCH("Republic of Korea",S17)),"South Korea", ISNUMBER(SEARCH("Cape Verde",S17)),"Cabo Verde", ISNUMBER(SEARCH("Czechia",S17)),"Czech Republic", ISNUMBER(SEARCH("Türkiye",S17)),"Turkey", ISNUMBER(SEARCH("Ivory Coast",S17)),"Côte d'Ivoire", ISNUMBER(SEARCH("Korea Republic",S17)),"South Korea", ISNUMBER(SEARCH("Germany FR",S17)),"FR Germany", ISNUMBER(SEARCH("Germany DR",S17)),"DR Germany", ISNUMBER(SEARCH("Korea DPR",S17)),"North Korea", ISNUMBER(SEARCH("China PR",S17)),"China", ISNUMBER(SEARCH("IR Iran",S17)),"Iran", ISNUMBER(SEARCH("Congo DR",S17)),"Democratic Republic of the Congo", ISNUMBER(SEARCH("DR Congo",S17)),"Democratic Republic of the Congo", ISNUMBER(SEARCH("German DR",S17)),"DR Germany", ISNUMBER(SEARCH("rn"">United Arab Emirates",S17)),"United Arab Emirates", ISNUMBER(SEARCH("rn"">Republic of Ireland",S17)),"Ireland", ISNUMBER(SEARCH("rn"">Bosnia and Herzegovina",S17)),"Bosnia and Herzegovina", ISNUMBER(SEARCH("rn"">Trinidad and Tobago",S17)),"Trinidad and Tobago", ISNUMBER(SEARCH("rn"">Serbia and Montenegro",S17)),"Serbia and Montenegro", ISNUMBER(SEARCH("te d'Ivoire",S17)),"Côte d'Ivoire", TRUE,"" )} | W17: =IF(V17="",S17,V17) -> Germany | X17: Austria | AB17: Maracan� - Est�dio Jornalista M�rio Filho | AF17: 26.6 | AS17: Group 3 | AT17: GROUP_STAGE | AU17: 6 | AV17: SEMI_FINALS | AW17: GROUP_STAGE | AY17: {=INDEX(_xlfn.UNIQUE(DATA_CLEANED!AF8:'DATA_CLEANED'!AF1065),INT((ROWS(AY$12:AY17)-1)/3)+1)} -> 1934 | AZ17: FINAL | BA17: {=INDEX($BA$12:$BA$14,MOD(ROWS($BA$15:BA17)-1,3)+1)} -> 1 | BB17: =COUNTIFS(DATA_CLEANED!AH$3:AH$1060,AZ17,DATA_CLEANED!AF$3:AF$1060,AY17) -> 1 | BC17: =IF(BA17>BB17,"Donnée manquante",IF(BA17<BB17,"A VERIFIER","OK")) -> OK | BE17: =IF(OR(DATA_CLEANED!AL8="",DATA_CLEANED!AM8=""),"MANQUANT",IF(OR(NOT(ISNUMBER(DATA_CLEANED!AL8)),NOT(ISNUMBER(DATA_CLEANED!AM8))),"ENTREE INVALIDE",IF(OR(DATA_CLEANED!AL8<0,DATA_CLEANED!AM8<0),"SCORE NEGATIF","OK"))) -> OK | BF17: =IF(DATA_CLEANED!AK8<>DATA_CLEANED!AN8,"OK","ERREUR") -> OK | BG17: =IF(DATA_CLEANED!AL8>DATA_CLEANED!AM8,DATA_CLEANED!AK8,IF(AND(DATA_QUALITE!W4494="-",DATA_CLEANED!AM8=DATA_CLEANED!AL8),"MATCH NUL",IF(AND(DATA_QUALITE!V4494="-",DATA_QUALITE!U4494="AUCUNE"),DATA_QUALITE!T4494,IF(DATA_QUALITE!V4494<>"-",DATA_QUALITE!V4494,DATA_CLEANED!AN8)))) -> Chile | BH17: =IF(AND(BG17="MATCH NUL",DATA_CLEANED!AO8="-"),"MATCH_NUL",IF(ISNUMBER(SEARCH("win on penalties",W4494)),"WIN_BY_PENALTY",IF(ISNUMBER(SEARCH("win after extra time",W4494)),"WIN_BY_EXTRA_TIME",IF(ISNUMBER(SEARCH("Golden Goal",W4494)),"WIN_BY_GOLDEN_GOAL","WIN_BY_SCORE")))) -> WIN_BY_SCORE | BI17: =IF(OR(BG17=DATA_CLEANED!AK8,BG17=DATA_CLEANED!AN8,BG17="MATCH NUL"),"OK","ERREUR") -> OK | BK17: 1958 | BL17: 35 | BM17: 35 | BN17: =IF(BL17=BM17,"OK","MATCH_MANQUANTS") -> OK
B18: =UPPER("retiré") -> RETIRÉ | C18: 2014.0 | D18: 01 Jul 2014 - 13:00 | E18: Round of 16 | F18: Arena de Sao Paulo | G18: Sao Paulo | H18: Argentina | I18: 1.0 | J18: 0.0 | K18: Switzerland | L18: Argentina win after extra time | M18: 2014.0|01 Jul 2014 - 13:00 |Round of 16|Arena de Sao Paulo|Sao Paulo |Argentina|1.0|0.0|Switzerland|Argentina win after extra time | N18: DOUBLON | R18: Angola | S18: Spain | T18: =IF(COUNTIF(R$13:R$250,S18)=1,"OK","ERREUR") -> OK | U18: =IF(OR(S18="Scotland",S18="England",S18="Wales",S18="Yugoslavia",S18="Czechoslovakia",S18="Northern Ireland",S18="Soviet Union",S18="Zaire",S18="Dutch East Indies"),"AUCUNE",IF(OR(S18="Cape Verde",S18="USA",S18="DR Congo",S18="Republic of Korea",S18="Germany FR",S18="Germany DR",S18="Czechia",S18="Ivory Coast",S18="Korea DPR",S18="China PR",S18="IR Iran",S18="Türkiye",S18="Congo DR",S18="German DR",ISNUMBER(SEARCH("rn"">United Arab Emirates",S18)),ISNUMBER(SEARCH("rn"">Republic of Ireland",S18)),ISNUMBER(SEARCH("rn"">Bosnia and Herzegovina",S18)),ISNUMBER(SEARCH("rn"">Trinidad and Tobago",S18)),ISNUMBER(SEARCH("rn"">Serbia and Montenegro",S18)),ISNUMBER(SEARCH(_xlfn.UNICHAR(65533),S18))),"RENOMMER","-")) -> - | V18: {=_xlfn.IFS( ISNUMBER(SEARCH("USA",S18)),"United States", ISNUMBER(SEARCH("Republic of Korea",S18)),"South Korea", ISNUMBER(SEARCH("Cape Verde",S18)),"Cabo Verde", ISNUMBER(SEARCH("Czechia",S18)),"Czech Republic", ISNUMBER(SEARCH("Türkiye",S18)),"Turkey", ISNUMBER(SEARCH("Ivory Coast",S18)),"Côte d'Ivoire", ISNUMBER(SEARCH("Korea Republic",S18)),"South Korea", ISNUMBER(SEARCH("Germany FR",S18)),"FR Germany", ISNUMBER(SEARCH("Germany DR",S18)),"DR Germany", ISNUMBER(SEARCH("Korea DPR",S18)),"North Korea", ISNUMBER(SEARCH("China PR",S18)),"China", ISNUMBER(SEARCH("IR Iran",S18)),"Iran", ISNUMBER(SEARCH("Congo DR",S18)),"Democratic Republic of the Congo", ISNUMBER(SEARCH("DR Congo",S18)),"Democratic Republic of the Congo", ISNUMBER(SEARCH("German DR",S18)),"DR Germany", ISNUMBER(SEARCH("rn"">United Arab Emirates",S18)),"United Arab Emirates", ISNUMBER(SEARCH("rn"">Republic of Ireland",S18)),"Ireland", ISNUMBER(SEARCH("rn"">Bosnia and Herzegovina",S18)),"Bosnia and Herzegovina", ISNUMBER(SEARCH("rn"">Trinidad and Tobago",S18)),"Trinidad and Tobago", ISNUMBER(SEARCH("rn"">Serbia and Montenegro",S18)),"Serbia and Montenegro", ISNUMBER(SEARCH("te d'Ivoire",S18)),"Côte d'Ivoire", TRUE,"" )} | W18: =IF(V18="",S18,V18) -> Spain | X18: Belgium | AB18: Nou Camp - Estadio Le�n | AF18: 26.7 | AS18: Group 4 | AT18: GROUP_STAGE | AU18: 6 | AV18: SEMI_FINALS | AW18: GROUP_STAGE | AY18: {=INDEX(_xlfn.UNIQUE(DATA_CLEANED!AF9:'DATA_CLEANED'!AF1066),INT((ROWS(AY$12:AY18)-1)/3)+1)} -> 1938 | AZ18: QUARTER_FINALS | BA18: 5 | BB18: =COUNTIFS(DATA_CLEANED!AH$3:AH$1060,AZ18,DATA_CLEANED!AF$3:AF$1060,AY18) -> 5 | BC18: =IF(BA18>BB18,"Donnée manquante",IF(BA18<BB18,"A VERIFIER","OK")) -> OK | BE18: =IF(OR(DATA_CLEANED!AL9="",DATA_CLEANED!AM9=""),"MANQUANT",IF(OR(NOT(ISNUMBER(DATA_CLEANED!AL9)),NOT(ISNUMBER(DATA_CLEANED!AM9))),"ENTREE INVALIDE",IF(OR(DATA_CLEANED!AL9<0,DATA_CLEANED!AM9<0),"SCORE NEGATIF","OK"))) -> OK | BF18: =IF(DATA_CLEANED!AK9<>DATA_CLEANED!AN9,"OK","ERREUR") -> OK | BG18: =IF(DATA_CLEANED!AL9>DATA_CLEANED!AM9,DATA_CLEANED!AK9,IF(AND(DATA_QUALITE!W4495="-",DATA_CLEANED!AM9=DATA_CLEANED!AL9),"MATCH NUL",IF(AND(DATA_QUALITE!V4495="-",DATA_QUALITE!U4495="AUCUNE"),DATA_QUALITE!T4495,IF(DATA_QUALITE!V4495<>"-",DATA_QUALITE!V4495,DATA_CLEANED!AN9)))) -> Yugoslavia | BH18: =IF(AND(BG18="MATCH NUL",DATA_CLEANED!AO9="-"),"MATCH_NUL",IF(ISNUMBER(SEARCH("win on penalties",W4495)),"WIN_BY_PENALTY",IF(ISNUMBER(SEARCH("win after extra time",W4495)),"WIN_BY_EXTRA_TIME",IF(ISNUMBER(SEARCH("Golden Goal",W4495)),"WIN_BY_GOLDEN_GOAL","WIN_BY_SCORE")))) -> WIN_BY_SCORE | BI18: =IF(OR(BG18=DATA_CLEANED!AK9,BG18=DATA_CLEANED!AN9,BG18="MATCH NUL"),"OK","ERREUR") -> OK | BK18: 1962 | BL18: 32 | BM18: 32 | BN18: =IF(BL18=BM18,"OK","MATCH_MANQUANTS") -> OK
B19: =UPPER("retiré") -> RETIRÉ | C19: 2014.0 | D19: 01 Jul 2014 - 17:00 | E19: Round of 16 | F19: Arena Fonte Nova | G19: Salvador | H19: Belgium | I19: 2.0 | J19: 1.0 | K19: USA | L19: Belgium win after extra time | M19: 2014.0|01 Jul 2014 - 17:00 |Round of 16|Arena Fonte Nova|Salvador |Belgium|2.0|1.0|USA|Belgium win after extra time | N19: DOUBLON | R19: Anguilla | S19: Netherlands | T19: =IF(COUNTIF(R$13:R$250,S19)=1,"OK","ERREUR") -> OK | U19: =IF(OR(S19="Scotland",S19="England",S19="Wales",S19="Yugoslavia",S19="Czechoslovakia",S19="Northern Ireland",S19="Soviet Union",S19="Zaire",S19="Dutch East Indies"),"AUCUNE",IF(OR(S19="Cape Verde",S19="USA",S19="DR Congo",S19="Republic of Korea",S19="Germany FR",S19="Germany DR",S19="Czechia",S19="Ivory Coast",S19="Korea DPR",S19="China PR",S19="IR Iran",S19="Türkiye",S19="Congo DR",S19="German DR",ISNUMBER(SEARCH("rn"">United Arab Emirates",S19)),ISNUMBER(SEARCH("rn"">Republic of Ireland",S19)),ISNUMBER(SEARCH("rn"">Bosnia and Herzegovina",S19)),ISNUMBER(SEARCH("rn"">Trinidad and Tobago",S19)),ISNUMBER(SEARCH("rn"">Serbia and Montenegro",S19)),ISNUMBER(SEARCH(_xlfn.UNICHAR(65533),S19))),"RENOMMER","-")) -> - | V19: {=_xlfn.IFS( ISNUMBER(SEARCH("USA",S19)),"United States", ISNUMBER(SEARCH("Republic of Korea",S19)),"South Korea", ISNUMBER(SEARCH("Cape Verde",S19)),"Cabo Verde", ISNUMBER(SEARCH("Czechia",S19)),"Czech Republic", ISNUMBER(SEARCH("Türkiye",S19)),"Turkey", ISNUMBER(SEARCH("Ivory Coast",S19)),"Côte d'Ivoire", ISNUMBER(SEARCH("Korea Republic",S19)),"South Korea", ISNUMBER(SEARCH("Germany FR",S19)),"FR Germany", ISNUMBER(SEARCH("Germany DR",S19)),"DR Germany", ISNUMBER(SEARCH("Korea DPR",S19)),"North Korea", ISNUMBER(SEARCH("China PR",S19)),"China", ISNUMBER(SEARCH("IR Iran",S19)),"Iran", ISNUMBER(SEARCH("Congo DR",S19)),"Democratic Republic of the Congo", ISNUMBER(SEARCH("DR Congo",S19)),"Democratic Republic of the Congo", ISNUMBER(SEARCH("German DR",S19)),"DR Germany", ISNUMBER(SEARCH("rn"">United Arab Emirates",S19)),"United Arab Emirates", ISNUMBER(SEARCH("rn"">Republic of Ireland",S19)),"Ireland", ISNUMBER(SEARCH("rn"">Bosnia and Herzegovina",S19)),"Bosnia and Herzegovina", ISNUMBER(SEARCH("rn"">Trinidad and Tobago",S19)),"Trinidad and Tobago", ISNUMBER(SEARCH("rn"">Serbia and Montenegro",S19)),"Serbia and Montenegro", ISNUMBER(SEARCH("te d'Ivoire",S19)),"Côte d'Ivoire", TRUE,"" )} | W19: =IF(V19="",S19,V19) -> Netherlands | X19: Bolivia | AB19: Estadio Jos� Mar�a Minella | AF19: 27.6 | AS19: Group 5 | AT19: GROUP_STAGE | AU19: 6 | AV19: SEMI_FINALS | AW19: GROUP_STAGE | AY19: {=INDEX(_xlfn.UNIQUE(DATA_CLEANED!AF10:'DATA_CLEANED'!AF1067),INT((ROWS(AY$12:AY19)-1)/3)+1)} -> 1938 | AZ19: SEMI_FINALS | BA19: {=INDEX($BA$12:$BA$14,MOD(ROWS($BA$15:BA19)-1,3)+1)} -> 2 | BB19: =COUNTIFS(DATA_CLEANED!AH$3:AH$1060,AZ19,DATA_CLEANED!AF$3:AF$1060,AY19) -> 2 | BC19: =IF(BA19>BB19,"Donnée manquante",IF(BA19<BB19,"A VERIFIER","OK")) -> OK | BE19: =IF(OR(DATA_CLEANED!AL10="",DATA_CLEANED!AM10=""),"MANQUANT",IF(OR(NOT(ISNUMBER(DATA_CLEANED!AL10)),NOT(ISNUMBER(DATA_CLEANED!AM10))),"ENTREE INVALIDE",IF(OR(DATA_CLEANED!AL10<0,DATA_CLEANED!AM10<0),"SCORE NEGATIF","OK"))) -> OK | BF19: =IF(DATA_CLEANED!AK10<>DATA_CLEANED!AN10,"OK","ERREUR") -> OK | BG19: =IF(DATA_CLEANED!AL10>DATA_CLEANED!AM10,DATA_CLEANED!AK10,IF(AND(DATA_QUALITE!W4496="-",DATA_CLEANED!AM10=DATA_CLEANED!AL10),"MATCH NUL",IF(AND(DATA_QUALITE!V4496="-",DATA_QUALITE!U4496="AUCUNE"),DATA_QUALITE!T4496,IF(DATA_QUALITE!V4496<>"-",DATA_QUALITE!V4496,DATA_CLEANED!AN10)))) -> United States | BH19: =IF(AND(BG19="MATCH NUL",DATA_CLEANED!AO10="-"),"MATCH_NUL",IF(ISNUMBER(SEARCH("win on penalties",W4496)),"WIN_BY_PENALTY",IF(ISNUMBER(SEARCH("win after extra time",W4496)),"WIN_BY_EXTRA_TIME",IF(ISNUMBER(SEARCH("Golden Goal",W4496)),"WIN_BY_GOLDEN_GOAL","WIN_BY_SCORE")))) -> WIN_BY_SCORE | BI19: =IF(OR(BG19=DATA_CLEANED!AK10,BG19=DATA_CLEANED!AN10,BG19="MATCH NUL"),"OK","ERREUR") -> OK | BK19: 1966 | BL19: 32 | BM19: 32 | BN19: =IF(BL19=BM19,"OK","MATCH_MANQUANTS") -> OK
B20: =UPPER("retiré") -> RETIRÉ | C20: 2014.0 | D20: 04 Jul 2014 - 13:00 | E20: Quarter-finals | F20: Estadio do Maracana | G20: Rio De Janeiro | H20: France | I20: 0.0 | J20: 1.0 | K20: Germany | M20: 2014.0|04 Jul 2014 - 13:00 |Quarter-finals|Estadio do Maracana|Rio De Janeiro |France|0.0|1.0|Germany| | N20: DOUBLON | R20: Antigua and Barbuda | S20: Uruguay | T20: =IF(COUNTIF(R$13:R$250,S20)=1,"OK","ERREUR") -> OK | U20: =IF(OR(S20="Scotland",S20="England",S20="Wales",S20="Yugoslavia",S20="Czechoslovakia",S20="Northern Ireland",S20="Soviet Union",S20="Zaire",S20="Dutch East Indies"),"AUCUNE",IF(OR(S20="Cape Verde",S20="USA",S20="DR Congo",S20="Republic of Korea",S20="Germany FR",S20="Germany DR",S20="Czechia",S20="Ivory Coast",S20="Korea DPR",S20="China PR",S20="IR Iran",S20="Türkiye",S20="Congo DR",S20="German DR",ISNUMBER(SEARCH("rn"">United Arab Emirates",S20)),ISNUMBER(SEARCH("rn"">Republic of Ireland",S20)),ISNUMBER(SEARCH("rn"">Bosnia and Herzegovina",S20)),ISNUMBER(SEARCH("rn"">Trinidad and Tobago",S20)),ISNUMBER(SEARCH("rn"">Serbia and Montenegro",S20)),ISNUMBER(SEARCH(_xlfn.UNICHAR(65533),S20))),"RENOMMER","-")) -> - | V20: {=_xlfn.IFS( ISNUMBER(SEARCH("USA",S20)),"United States", ISNUMBER(SEARCH("Republic of Korea",S20)),"South Korea", ISNUMBER(SEARCH("Cape Verde",S20)),"Cabo Verde", ISNUMBER(SEARCH("Czechia",S20)),"Czech Republic", ISNUMBER(SEARCH("Türkiye",S20)),"Turkey", ISNUMBER(SEARCH("Ivory Coast",S20)),"Côte d'Ivoire", ISNUMBER(SEARCH("Korea Republic",S20)),"South Korea", ISNUMBER(SEARCH("Germany FR",S20)),"FR Germany", ISNUMBER(SEARCH("Germany DR",S20)),"DR Germany", ISNUMBER(SEARCH("Korea DPR",S20)),"North Korea", ISNUMBER(SEARCH("China PR",S20)),"China", ISNUMBER(SEARCH("IR Iran",S20)),"Iran", ISNUMBER(SEARCH("Congo DR",S20)),"Democratic Republic of the Congo", ISNUMBER(SEARCH("DR Congo",S20)),"Democratic Republic of the Congo", ISNUMBER(SEARCH("German DR",S20)),"DR Germany", ISNUMBER(SEARCH("rn"">United Arab Emirates",S20)),"United Arab Emirates", ISNUMBER(SEARCH("rn"">Republic of Ireland",S20)),"Ireland", ISNUMBER(SEARCH("rn"">Bosnia and Herzegovina",S20)),"Bosnia and Herzegovina", ISNUMBER(SEARCH("rn"">Trinidad and Tobago",S20)),"Trinidad and Tobago", ISNUMBER(SEARCH("rn"">Serbia and Montenegro",S20)),"Serbia and Montenegro", ISNUMBER(SEARCH("te d'Ivoire",S20)),"Côte d'Ivoire", TRUE,"" )} | W20: =IF(V20="",S20,V20) -> Uruguay | X20: Bosnia and Herzegovina | AB20: Estadio Ol�mpico Chateau Carreras | AF20: 26.2 | AS20: Group 6 | AT20: GROUP_STAGE | AU20: 6 | AV20: SEMI_FINALS | AW20: GROUP_STAGE | AY20: {=INDEX(_xlfn.UNIQUE(DATA_CLEANED!AF11:'DATA_CLEANED'!AF1068),INT((ROWS(AY$12:AY20)-1)/3)+1)} -> 1938 | AZ20: FINAL | BA20: {=INDEX($BA$12:$BA$14,MOD(ROWS($BA$15:BA20)-1,3)+1)} -> 1 | BB20: =COUNTIFS(DATA_CLEANED!AH$3:AH$1060,AZ20,DATA_CLEANED!AF$3:AF$1060,AY20) -> 1 | BC20: =IF(BA20>BB20,"Donnée manquante",IF(BA20<BB20,"A VERIFIER","OK")) -> OK | BE20: =IF(OR(DATA_CLEANED!AL11="",DATA_CLEANED!AM11=""),"MANQUANT",IF(OR(NOT(ISNUMBER(DATA_CLEANED!AL11)),NOT(ISNUMBER(DATA_CLEANED!AM11))),"ENTREE INVALIDE",IF(OR(DATA_CLEANED!AL11<0,DATA_CLEANED!AM11<0),"SCORE NEGATIF","OK"))) -> OK | BF20: =IF(DATA_CLEANED!AK11<>DATA_CLEANED!AN11,"OK","ERREUR") -> OK | BG20: =IF(DATA_CLEANED!AL11>DATA_CLEANED!AM11,DATA_CLEANED!AK11,IF(AND(DATA_QUALITE!W4497="-",DATA_CLEANED!AM11=DATA_CLEANED!AL11),"MATCH NUL",IF(AND(DATA_QUALITE!V4497="-",DATA_QUALITE!U4497="AUCUNE"),DATA_QUALITE!T4497,IF(DATA_QUALITE!V4497<>"-",DATA_QUALITE!V4497,DATA_CLEANED!AN11)))) -> Uruguay | BH20: =IF(AND(BG20="MATCH NUL",DATA_CLEANED!AO11="-"),"MATCH_NUL",IF(ISNUMBER(SEARCH("win on penalties",W4497)),"WIN_BY_PENALTY",IF(ISNUMBER(SEARCH("win after extra time",W4497)),"WIN_BY_EXTRA_TIME",IF(ISNUMBER(SEARCH("Golden Goal",W4497)),"WIN_BY_GOLDEN_GOAL","WIN_BY_SCORE")))) -> WIN_BY_SCORE | BI20: =IF(OR(BG20=DATA_CLEANED!AK11,BG20=DATA_CLEANED!AN11,BG20="MATCH NUL"),"OK","ERREUR") -> OK | BK20: 1970 | BL20: 32 | BM20: 32 | BN20: =IF(BL20=BM20,"OK","MATCH_MANQUANTS") -> OK
B21: =UPPER("retiré") -> RETIRÉ | C21: 2014.0 | D21: 04 Jul 2014 - 17:00 | E21: Quarter-finals | F21: Estadio Castelao | G21: Fortaleza | H21: Brazil | I21: 2.0 | J21: 1.0 | K21: Colombia | M21: 2014.0|04 Jul 2014 - 17:00 |Quarter-finals|Estadio Castelao|Fortaleza |Brazil|2.0|1.0|Colombia| | N21: DOUBLON | R21: Argentina | S21: Sweden | T21: =IF(COUNTIF(R$13:R$250,S21)=1,"OK","ERREUR") -> OK | U21: =IF(OR(S21="Scotland",S21="England",S21="Wales",S21="Yugoslavia",S21="Czechoslovakia",S21="Northern Ireland",S21="Soviet Union",S21="Zaire",S21="Dutch East Indies"),"AUCUNE",IF(OR(S21="Cape Verde",S21="USA",S21="DR Congo",S21="Republic of Korea",S21="Germany FR",S21="Germany DR",S21="Czechia",S21="Ivory Coast",S21="Korea DPR",S21="China PR",S21="IR Iran",S21="Türkiye",S21="Congo DR",S21="German DR",ISNUMBER(SEARCH("rn"">United Arab Emirates",S21)),ISNUMBER(SEARCH("rn"">Republic of Ireland",S21)),ISNUMBER(SEARCH("rn"">Bosnia and Herzegovina",S21)),ISNUMBER(SEARCH("rn"">Trinidad and Tobago",S21)),ISNUMBER(SEARCH("rn"">Serbia and Montenegro",S21)),ISNUMBER(SEARCH(_xlfn.UNICHAR(65533),S21))),"RENOMMER","-")) -> - | V21: {=_xlfn.IFS( ISNUMBER(SEARCH("USA",S21)),"United States", ISNUMBER(SEARCH("Republic of Korea",S21)),"South Korea", ISNUMBER(SEARCH("Cape Verde",S21)),"Cabo Verde", ISNUMBER(SEARCH("Czechia",S21)),"Czech Republic", ISNUMBER(SEARCH("Türkiye",S21)),"Turkey", ISNUMBER(SEARCH("Ivory Coast",S21)),"Côte d'Ivoire", ISNUMBER(SEARCH("Korea Republic",S21)),"South Korea", ISNUMBER(SEARCH("Germany FR",S21)),"FR Germany", ISNUMBER(SEARCH("Germany DR",S21)),"DR Germany", ISNUMBER(SEARCH("Korea DPR",S21)),"North Korea", ISNUMBER(SEARCH("China PR",S21)),"China", ISNUMBER(SEARCH("IR Iran",S21)),"Iran", ISNUMBER(SEARCH("Congo DR",S21)),"Democratic Republic of the Congo", ISNUMBER(SEARCH("DR Congo",S21)),"Democratic Republic of the Congo", ISNUMBER(SEARCH("German DR",S21)),"DR Germany", ISNUMBER(SEARCH("rn"">United Arab Emirates",S21)),"United Arab Emirates", ISNUMBER(SEARCH("rn"">Republic of Ireland",S21)),"Ireland", ISNUMBER(SEARCH("rn"">Bosnia and Herzegovina",S21)),"Bosnia and Herzegovina", ISNUMBER(SEARCH("rn"">Trinidad and Tobago",S21)),"Trinidad and Tobago", ISNUMBER(SEARCH("rn"">Serbia and Montenegro",S21)),"Serbia and Montenegro", ISNUMBER(SEARCH("te d'Ivoire",S21)),"Côte d'Ivoire", TRUE,"" )} | W21: =IF(V21="",S21,V21) -> Sweden | X21: Brazil | AB21: Estadio Municipal de Bala�dos | AF21: 27.3 | AS21: Group A | AT21: GROUP_STAGE | AU21: 6 | AV21: SEMI_FINALS | AW21: GROUP_STAGE | AY21: {=INDEX(_xlfn.UNIQUE(DATA_CLEANED!AF12:'DATA_CLEANED'!AF1069),INT((ROWS(AY$12:AY21)-1)/3)+1)} -> 1950 | AZ21: QUARTER_FINALS | BA21: {=INDEX($BA$12:$BA$14,MOD(ROWS($BA$15:BA21)-1,3)+1)} -> 0 | BB21: =COUNTIFS(DATA_CLEANED!AH$3:AH$1060,AZ21,DATA_CLEANED!AF$3:AF$1060,AY21) -> 0 | BC21: =IF(BA21>BB21,"Donnée manquante",IF(BA21<BB21,"A VERIFIER","OK")) -> OK | BE21: =IF(OR(DATA_CLEANED!AL12="",DATA_CLEANED!AM12=""),"MANQUANT",IF(OR(NOT(ISNUMBER(DATA_CLEANED!AL12)),NOT(ISNUMBER(DATA_CLEANED!AM12))),"ENTREE INVALIDE",IF(OR(DATA_CLEANED!AL12<0,DATA_CLEANED!AM12<0),"SCORE NEGATIF","OK"))) -> OK | BF21: =IF(DATA_CLEANED!AK12<>DATA_CLEANED!AN12,"OK","ERREUR") -> OK | BG21: =IF(DATA_CLEANED!AL12>DATA_CLEANED!AM12,DATA_CLEANED!AK12,IF(AND(DATA_QUALITE!W4498="-",DATA_CLEANED!AM12=DATA_CLEANED!AL12),"MATCH NUL",IF(AND(DATA_QUALITE!V4498="-",DATA_QUALITE!U4498="AUCUNE"),DATA_QUALITE!T4498,IF(DATA_QUALITE!V4498<>"-",DATA_QUALITE!V4498,DATA_CLEANED!AN12)))) -> Chile | BH21: =IF(AND(BG21="MATCH NUL",DATA_CLEANED!AO12="-"),"MATCH_NUL",IF(ISNUMBER(SEARCH("win on penalties",W4498)),"WIN_BY_PENALTY",IF(ISNUMBER(SEARCH("win after extra time",W4498)),"WIN_BY_EXTRA_TIME",IF(ISNUMBER(SEARCH("Golden Goal",W4498)),"WIN_BY_GOLDEN_GOAL","WIN_BY_SCORE")))) -> WIN_BY_SCORE | BI21: =IF(OR(BG21=DATA_CLEANED!AK12,BG21=DATA_CLEANED!AN12,BG21="MATCH NUL"),"OK","ERREUR") -> OK | BK21: 1974 | BL21: 38 | BM21: 38 | BN21: =IF(BL21=BM21,"OK","MATCH_MANQUANTS") -> OK
B22: =UPPER("retiré") -> RETIRÉ | C22: 2014.0 | D22: 05 Jul 2014 - 13:00 | E22: Quarter-finals | F22: Estadio Nacional | G22: Brasilia | H22: Argentina | I22: 1.0 | J22: 0.0 | K22: Belgium | M22: 2014.0|05 Jul 2014 - 13:00 |Quarter-finals|Estadio Nacional|Brasilia |Argentina|1.0|0.0|Belgium| | N22: DOUBLON | R22: Armenia | S22: Belgium | T22: =IF(COUNTIF(R$13:R$250,S22)=1,"OK","ERREUR") -> OK | U22: =IF(OR(S22="Scotland",S22="England",S22="Wales",S22="Yugoslavia",S22="Czechoslovakia",S22="Northern Ireland",S22="Soviet Union",S22="Zaire",S22="Dutch East Indies"),"AUCUNE",IF(OR(S22="Cape Verde",S22="USA",S22="DR Congo",S22="Republic of Korea",S22="Germany FR",S22="Germany DR",S22="Czechia",S22="Ivory Coast",S22="Korea DPR",S22="China PR",S22="IR Iran",S22="Türkiye",S22="Congo DR",S22="German DR",ISNUMBER(SEARCH("rn"">United Arab Emirates",S22)),ISNUMBER(SEARCH("rn"">Republic of Ireland",S22)),ISNUMBER(SEARCH("rn"">Bosnia and Herzegovina",S22)),ISNUMBER(SEARCH("rn"">Trinidad and Tobago",S22)),ISNUMBER(SEARCH("rn"">Serbia and Montenegro",S22)),ISNUMBER(SEARCH(_xlfn.UNICHAR(65533),S22))),"RENOMMER","-")) -> - | V22: {=_xlfn.IFS( ISNUMBER(SEARCH("USA",S22)),"United States", ISNUMBER(SEARCH("Republic of Korea",S22)),"South Korea", ISNUMBER(SEARCH("Cape Verde",S22)),"Cabo Verde", ISNUMBER(SEARCH("Czechia",S22)),"Czech Republic", ISNUMBER(SEARCH("Türkiye",S22)),"Turkey", ISNUMBER(SEARCH("Ivory Coast",S22)),"Côte d'Ivoire", ISNUMBER(SEARCH("Korea Republic",S22)),"South Korea", ISNUMBER(SEARCH("Germany FR",S22)),"FR Germany", ISNUMBER(SEARCH("Germany DR",S22)),"DR Germany", ISNUMBER(SEARCH("Korea DPR",S22)),"North Korea", ISNUMBER(SEARCH("China PR",S22)),"China", ISNUMBER(SEARCH("IR Iran",S22)),"Iran", ISNUMBER(SEARCH("Congo DR",S22)),"Democratic Republic of the Congo", ISNUMBER(SEARCH("DR Congo",S22)),"Democratic Republic of the Congo", ISNUMBER(SEARCH("German DR",S22)),"DR Germany", ISNUMBER(SEARCH("rn"">United Arab Emirates",S22)),"United Arab Emirates", ISNUMBER(SEARCH("rn"">Republic of Ireland",S22)),"Ireland", ISNUMBER(SEARCH("rn"">Bosnia and Herzegovina",S22)),"Bosnia and Herzegovina", ISNUMBER(SEARCH("rn"">Trinidad and Tobago",S22)),"Trinidad and Tobago", ISNUMBER(SEARCH("rn"">Serbia and Montenegro",S22)),"Serbia and Montenegro", ISNUMBER(SEARCH("te d'Ivoire",S22)),"Côte d'Ivoire", TRUE,"" )} | W22: =IF(V22="",S22,V22) -> Belgium | X22: Bulgaria | AB22: Estadio Ol�mpico Universitario | AF22: 28.2 | AS22: Group B | AT22: GROUP_STAGE | AU22: 6 | AV22: SEMI_FINALS | AW22: GROUP_STAGE | AY22: {=INDEX(_xlfn.UNIQUE(DATA_CLEANED!AF13:'DATA_CLEANED'!AF1070),INT((ROWS(AY$12:AY22)-1)/3)+1)} -> 1950 | AZ22: SEMI_FINALS | BA22: 0 | BB22: =COUNTIFS(DATA_CLEANED!AH$3:AH$1060,AZ22,DATA_CLEANED!AF$3:AF$1060,AY22) -> 0 | BC22: =IF(BA22>BB22,"Donnée manquante",IF(BA22<BB22,"A VERIFIER","OK")) -> OK | BE22: =IF(OR(DATA_CLEANED!AL13="",DATA_CLEANED!AM13=""),"MANQUANT",IF(OR(NOT(ISNUMBER(DATA_CLEANED!AL13)),NOT(ISNUMBER(DATA_CLEANED!AM13))),"ENTREE INVALIDE",IF(OR(DATA_CLEANED!AL13<0,DATA_CLEANED!AM13<0),"SCORE NEGATIF","OK"))) -> OK | BF22: =IF(DATA_CLEANED!AK13<>DATA_CLEANED!AN13,"OK","ERREUR") -> OK | BG22: =IF(DATA_CLEANED!AL13>DATA_CLEANED!AM13,DATA_CLEANED!AK13,IF(AND(DATA_QUALITE!W4499="-",DATA_CLEANED!AM13=DATA_CLEANED!AL13),"MATCH NUL",IF(AND(DATA_QUALITE!V4499="-",DATA_QUALITE!U4499="AUCUNE"),DATA_QUALITE!T4499,IF(DATA_QUALITE!V4499<>"-",DATA_QUALITE!V4499,DATA_CLEANED!AN13)))) -> Argentina | BH22: =IF(AND(BG22="MATCH NUL",DATA_CLEANED!AO13="-"),"MATCH_NUL",IF(ISNUMBER(SEARCH("win on penalties",W4499)),"WIN_BY_PENALTY",IF(ISNUMBER(SEARCH("win after extra time",W4499)),"WIN_BY_EXTRA_TIME",IF(ISNUMBER(SEARCH("Golden Goal",W4499)),"WIN_BY_GOLDEN_GOAL","WIN_BY_SCORE")))) -> WIN_BY_SCORE | BI22: =IF(OR(BG22=DATA_CLEANED!AK13,BG22=DATA_CLEANED!AN13,BG22="MATCH NUL"),"OK","ERREUR") -> OK | BK22: 1978 | BL22: 38 | BM22: 38 | BN22: =IF(BL22=BM22,"OK","MATCH_MANQUANTS") -> OK
B23: =UPPER("retiré") -> RETIRÉ | C23: 2014.0 | D23: 05 Jul 2014 - 17:00 | E23: Quarter-finals | F23: Arena Fonte Nova | G23: Salvador | H23: Netherlands | I23: 0.0 | J23: 0.0 | K23: Costa Rica | L23: Netherlands win on penalties (4 - 3) | M23: 2014.0|05 Jul 2014 - 17:00 |Quarter-finals|Arena Fonte Nova|Salvador |Netherlands|0.0|0.0|Costa Rica|Netherlands win on penalties (4 - 3) | N23: DOUBLON | R23: Aruba | S23: Mexico | T23: =IF(COUNTIF(R$13:R$250,S23)=1,"OK","ERREUR") -> OK | U23: =IF(OR(S23="Scotland",S23="England",S23="Wales",S23="Yugoslavia",S23="Czechoslovakia",S23="Northern Ireland",S23="Soviet Union",S23="Zaire",S23="Dutch East Indies"),"AUCUNE",IF(OR(S23="Cape Verde",S23="USA",S23="DR Congo",S23="Republic of Korea",S23="Germany FR",S23="Germany DR",S23="Czechia",S23="Ivory Coast",S23="Korea DPR",S23="China PR",S23="IR Iran",S23="Türkiye",S23="Congo DR",S23="German DR",ISNUMBER(SEARCH("rn"">United Arab Emirates",S23)),ISNUMBER(SEARCH("rn"">Republic of Ireland",S23)),ISNUMBER(SEARCH("rn"">Bosnia and Herzegovina",S23)),ISNUMBER(SEARCH("rn"">Trinidad and Tobago",S23)),ISNUMBER(SEARCH("rn"">Serbia and Montenegro",S23)),ISNUMBER(SEARCH(_xlfn.UNICHAR(65533),S23))),"RENOMMER","-")) -> - | V23: {=_xlfn.IFS( ISNUMBER(SEARCH("USA",S23)),"United States", ISNUMBER(SEARCH("Republic of Korea",S23)),"South Korea", ISNUMBER(SEARCH("Cape Verde",S23)),"Cabo Verde", ISNUMBER(SEARCH("Czechia",S23)),"Czech Republic", ISNUMBER(SEARCH("Türkiye",S23)),"Turkey", ISNUMBER(SEARCH("Ivory Coast",S23)),"Côte d'Ivoire", ISNUMBER(SEARCH("Korea Republic",S23)),"South Korea", ISNUMBER(SEARCH("Germany FR",S23)),"FR Germany", ISNUMBER(SEARCH("Germany DR",S23)),"DR Germany", ISNUMBER(SEARCH("Korea DPR",S23)),"North Korea", ISNUMBER(SEARCH("China PR",S23)),"China", ISNUMBER(SEARCH("IR Iran",S23)),"Iran", ISNUMBER(SEARCH("Congo DR",S23)),"Democratic Republic of the Congo", ISNUMBER(SEARCH("DR Congo",S23)),"Democratic Republic of the Congo", ISNUMBER(SEARCH("German DR",S23)),"DR Germany", ISNUMBER(SEARCH("rn"">United Arab Emirates",S23)),"United Arab Emirates", ISNUMBER(SEARCH("rn"">Republic of Ireland",S23)),"Ireland", ISNUMBER(SEARCH("rn"">Bosnia and Herzegovina",S23)),"Bosnia and Herzegovina", ISNUMBER(SEARCH("rn"">Trinidad and Tobago",S23)),"Trinidad and Tobago", ISNUMBER(SEARCH("rn"">Serbia and Montenegro",S23)),"Serbia and Montenegro", ISNUMBER(SEARCH("te d'Ivoire",S23)),"Côte d'Ivoire", TRUE,"" )} | W23: =IF(V23="",S23,V23) -> Mexico | X23: Cabo Verde | AA23: City | AB23: {=_xlfn.UNIQUE(_xlfn._xlws.FILTER(DATA_BRUT!AG2:AG1076,ISNUMBER(SEARCH(_xlfn.UNICHAR(65533),DATA_BRUT!AG2:AG1076)),"Aucuns caractères spéciaux détectés"))} -> Malm� | AF23: 27 | AS23: Group C | AT23: GROUP_STAGE | AU23: 6 | AV23: SEMI_FINALS | AW23: GROUP_STAGE | AY23: {=INDEX(_xlfn.UNIQUE(DATA_CLEANED!AF14:'DATA_CLEANED'!AF1071),INT((ROWS(AY$12:AY23)-1)/3)+1)} -> 1950 | AZ23: FINAL | BA23: 0 | BB23: =COUNTIFS(DATA_CLEANED!AH$3:AH$1060,AZ23,DATA_CLEANED!AF$3:AF$1060,AY23) -> 0 | BC23: =IF(BA23>BB23,"Donnée manquante",IF(BA23<BB23,"A VERIFIER","OK")) -> OK | BE23: =IF(OR(DATA_CLEANED!AL14="",DATA_CLEANED!AM14=""),"MANQUANT",IF(OR(NOT(ISNUMBER(DATA_CLEANED!AL14)),NOT(ISNUMBER(DATA_CLEANED!AM14))),"ENTREE INVALIDE",IF(OR(DATA_CLEANED!AL14<0,DATA_CLEANED!AM14<0),"SCORE NEGATIF","OK"))) -> OK | BF23: =IF(DATA_CLEANED!AK14<>DATA_CLEANED!AN14,"OK","ERREUR") -> OK | BG23: =IF(DATA_CLEANED!AL14>DATA_CLEANED!AM14,DATA_CLEANED!AK14,IF(AND(DATA_QUALITE!W4500="-",DATA_CLEANED!AM14=DATA_CLEANED!AL14),"MATCH NUL",IF(AND(DATA_QUALITE!V4500="-",DATA_QUALITE!U4500="AUCUNE"),DATA_QUALITE!T4500,IF(DATA_QUALITE!V4500<>"-",DATA_QUALITE!V4500,DATA_CLEANED!AN14)))) -> Brazil | BH23: =IF(AND(BG23="MATCH NUL",DATA_CLEANED!AO14="-"),"MATCH_NUL",IF(ISNUMBER(SEARCH("win on penalties",W4500)),"WIN_BY_PENALTY",IF(ISNUMBER(SEARCH("win after extra time",W4500)),"WIN_BY_EXTRA_TIME",IF(ISNUMBER(SEARCH("Golden Goal",W4500)),"WIN_BY_GOLDEN_GOAL","WIN_BY_SCORE")))) -> WIN_BY_SCORE | BI23: =IF(OR(BG23=DATA_CLEANED!AK14,BG23=DATA_CLEANED!AN14,BG23="MATCH NUL"),"OK","ERREUR") -> OK | BK23: 1982 | BL23: 52 | BM23: 52 | BN23: =IF(BL23=BM23,"OK","MATCH_MANQUANTS") -> OK
B24: =UPPER("retiré") -> RETIRÉ | C24: 2014.0 | D24: 08 Jul 2014 - 17:00 | E24: Semi-finals | F24: Estadio Mineirao | G24: Belo Horizonte | H24: Brazil | I24: 1.0 | J24: 7.0 | K24: Germany | M24: 2014.0|08 Jul 2014 - 17:00 |Semi-finals|Estadio Mineirao|Belo Horizonte |Brazil|1.0|7.0|Germany| | N24: DOUBLON | R24: Australia | S24: Switzerland | T24: =IF(COUNTIF(R$13:R$250,S24)=1,"OK","ERREUR") -> OK | U24: =IF(OR(S24="Scotland",S24="England",S24="Wales",S24="Yugoslavia",S24="Czechoslovakia",S24="Northern Ireland",S24="Soviet Union",S24="Zaire",S24="Dutch East Indies"),"AUCUNE",IF(OR(S24="Cape Verde",S24="USA",S24="DR Congo",S24="Republic of Korea",S24="Germany FR",S24="Germany DR",S24="Czechia",S24="Ivory Coast",S24="Korea DPR",S24="China PR",S24="IR Iran",S24="Türkiye",S24="Congo DR",S24="German DR",ISNUMBER(SEARCH("rn"">United Arab Emirates",S24)),ISNUMBER(SEARCH("rn"">Republic of Ireland",S24)),ISNUMBER(SEARCH("rn"">Bosnia and Herzegovina",S24)),ISNUMBER(SEARCH("rn"">Trinidad and Tobago",S24)),ISNUMBER(SEARCH("rn"">Serbia and Montenegro",S24)),ISNUMBER(SEARCH(_xlfn.UNICHAR(65533),S24))),"RENOMMER","-")) -> - | V24: {=_xlfn.IFS( ISNUMBER(SEARCH("USA",S24)),"United States", ISNUMBER(SEARCH("Republic of Korea",S24)),"South Korea", ISNUMBER(SEARCH("Cape Verde",S24)),"Cabo Verde", ISNUMBER(SEARCH("Czechia",S24)),"Czech Republic", ISNUMBER(SEARCH("Türkiye",S24)),"Turkey", ISNUMBER(SEARCH("Ivory Coast",S24)),"Côte d'Ivoire", ISNUMBER(SEARCH("Korea Republic",S24)),"South Korea", ISNUMBER(SEARCH("Germany FR",S24)),"FR Germany", ISNUMBER(SEARCH("Germany DR",S24)),"DR Germany", ISNUMBER(SEARCH("Korea DPR",S24)),"North Korea", ISNUMBER(SEARCH("China PR",S24)),"China", ISNUMBER(SEARCH("IR Iran",S24)),"Iran", ISNUMBER(SEARCH("Congo DR",S24)),"Democratic Republic of the Congo", ISNUMBER(SEARCH("DR Congo",S24)),"Democratic Republic of the Congo", ISNUMBER(SEARCH("German DR",S24)),"DR Germany", ISNUMBER(SEARCH("rn"">United Arab Emirates",S24)),"United Arab Emirates", ISNUMBER(SEARCH("rn"">Republic of Ireland",S24)),"Ireland", ISNUMBER(SEARCH("rn"">Bosnia and Herzegovina",S24)),"Bosnia and Herzegovina", ISNUMBER(SEARCH("rn"">Trinidad and Tobago",S24)),"Trinidad and Tobago", ISNUMBER(SEARCH("rn"">Serbia and Montenegro",S24)),"Serbia and Montenegro", ISNUMBER(SEARCH("te d'Ivoire",S24)),"Côte d'Ivoire", TRUE,"" )} | W24: =IF(V24="",S24,V24) -> Switzerland | X24: Cameroon | AB24: Norrk�Ping | AF24: 27.1 | AS24: Group D | AT24: GROUP_STAGE | AU24: 6 | AV24: QUARTER_FINALS | AW24: GROUP_STAGE | AY24: {=INDEX(_xlfn.UNIQUE(DATA_CLEANED!AF15:'DATA_CLEANED'!AF1072),INT((ROWS(AY$12:AY24)-1)/3)+1)} -> 1954 | AZ24: QUARTER_FINALS | BA24: 4 | BB24: =COUNTIFS(DATA_CLEANED!AH$3:AH$1060,AZ24,DATA_CLEANED!AF$3:AF$1060,AY24) -> 4 | BC24: =IF(BA24>BB24,"Donnée manquante",IF(BA24<BB24,"A VERIFIER","OK")) -> OK | BE24: =IF(OR(DATA_CLEANED!AL15="",DATA_CLEANED!AM15=""),"MANQUANT",IF(OR(NOT(ISNUMBER(DATA_CLEANED!AL15)),NOT(ISNUMBER(DATA_CLEANED!AM15))),"ENTREE INVALIDE",IF(OR(DATA_CLEANED!AL15<0,DATA_CLEANED!AM15<0),"SCORE NEGATIF","OK"))) -> OK | BF24: =IF(DATA_CLEANED!AK15<>DATA_CLEANED!AN15,"OK","ERREUR") -> OK | BG24: =IF(DATA_CLEANED!AL15>DATA_CLEANED!AM15,DATA_CLEANED!AK15,IF(AND(DATA_QUALITE!W4501="-",DATA_CLEANED!AM15=DATA_CLEANED!AL15),"MATCH NUL",IF(AND(DATA_QUALITE!V4501="-",DATA_QUALITE!U4501="AUCUNE"),DATA_QUALITE!T4501,IF(DATA_QUALITE!V4501<>"-",DATA_QUALITE!V4501,DATA_CLEANED!AN15)))) -> Paraguay | BH24: =IF(AND(BG24="MATCH NUL",DATA_CLEANED!AO15="-"),"MATCH_NUL",IF(ISNUMBER(SEARCH("win on penalties",W4501)),"WIN_BY_PENALTY",IF(ISNUMBER(SEARCH("win after extra time",W4501)),"WIN_BY_EXTRA_TIME",IF(ISNUMBER(SEARCH("Golden Goal",W4501)),"WIN_BY_GOLDEN_GOAL","WIN_BY_SCORE")))) -> WIN_BY_SCORE | BI24: =IF(OR(BG24=DATA_CLEANED!AK15,BG24=DATA_CLEANED!AN15,BG24="MATCH NUL"),"OK","ERREUR") -> OK | BK24: 1986 | BL24: 52 | BM24: 52 | BN24: =IF(BL24=BM24,"OK","MATCH_MANQUANTS") -> OK
B25: =UPPER("retiré") -> RETIRÉ | C25: 2014.0 | D25: 09 Jul 2014 - 17:00 | E25: Semi-finals | F25: Arena de Sao Paulo | G25: Sao Paulo | H25: Netherlands | I25: 0.0 | J25: 0.0 | K25: Argentina | L25: Argentina win on penalties (2 - 4) | M25: 2014.0|09 Jul 2014 - 17:00 |Semi-finals|Arena de Sao Paulo|Sao Paulo |Netherlands|0.0|0.0|Argentina|Argentina win on penalties (2 - 4) | N25: DOUBLON | R25: Austria | S25: Portugal | T25: =IF(COUNTIF(R$13:R$250,S25)=1,"OK","ERREUR") -> OK | U25: =IF(OR(S25="Scotland",S25="England",S25="Wales",S25="Yugoslavia",S25="Czechoslovakia",S25="Northern Ireland",S25="Soviet Union",S25="Zaire",S25="Dutch East Indies"),"AUCUNE",IF(OR(S25="Cape Verde",S25="USA",S25="DR Congo",S25="Republic of Korea",S25="Germany FR",S25="Germany DR",S25="Czechia",S25="Ivory Coast",S25="Korea DPR",S25="China PR",S25="IR Iran",S25="Türkiye",S25="Congo DR",S25="German DR",ISNUMBER(SEARCH("rn"">United Arab Emirates",S25)),ISNUMBER(SEARCH("rn"">Republic of Ireland",S25)),ISNUMBER(SEARCH("rn"">Bosnia and Herzegovina",S25)),ISNUMBER(SEARCH("rn"">Trinidad and Tobago",S25)),ISNUMBER(SEARCH("rn"">Serbia and Montenegro",S25)),ISNUMBER(SEARCH(_xlfn.UNICHAR(65533),S25))),"RENOMMER","-")) -> - | V25: {=_xlfn.IFS( ISNUMBER(SEARCH("USA",S25)),"United States", ISNUMBER(SEARCH("Republic of Korea",S25)),"South Korea", ISNUMBER(SEARCH("Cape Verde",S25)),"Cabo Verde", ISNUMBER(SEARCH("Czechia",S25)),"Czech Republic", ISNUMBER(SEARCH("Türkiye",S25)),"Turkey", ISNUMBER(SEARCH("Ivory Coast",S25)),"Côte d'Ivoire", ISNUMBER(SEARCH("Korea Republic",S25)),"South Korea", ISNUMBER(SEARCH("Germany FR",S25)),"FR Germany", ISNUMBER(SEARCH("Germany DR",S25)),"DR Germany", ISNUMBER(SEARCH("Korea DPR",S25)),"North Korea", ISNUMBER(SEARCH("China PR",S25)),"China", ISNUMBER(SEARCH("IR Iran",S25)),"Iran", ISNUMBER(SEARCH("Congo DR",S25)),"Democratic Republic of the Congo", ISNUMBER(SEARCH("DR Congo",S25)),"Democratic Republic of the Congo", ISNUMBER(SEARCH("German DR",S25)),"DR Germany", ISNUMBER(SEARCH("rn"">United Arab Emirates",S25)),"United Arab Emirates", ISNUMBER(SEARCH("rn"">Republic of Ireland",S25)),"Ireland", ISNUMBER(SEARCH("rn"">Bosnia and Herzegovina",S25)),"Bosnia and Herzegovina", ISNUMBER(SEARCH("rn"">Trinidad and Tobago",S25)),"Trinidad and Tobago", ISNUMBER(SEARCH("rn"">Serbia and Montenegro",S25)),"Serbia and Montenegro", ISNUMBER(SEARCH("te d'Ivoire",S25)),"Côte d'Ivoire", TRUE,"" )} | W25: =IF(V25="",S25,V25) -> Portugal | X25: Canada | AB25: D�Sseldorf | AF25: 27.5 | AS25: Group E | AT25: GROUP_STAGE | AU25: 6 | AV25: QUARTER_FINALS | AW25: GROUP_STAGE | AY25: {=INDEX(_xlfn.UNIQUE(DATA_CLEANED!AF16:'DATA_CLEANED'!AF1073),INT((ROWS(AY$12:AY25)-1)/3)+1)} -> 1954 | AZ25: SEMI_FINALS | BA25: {=INDEX($BA$12:$BA$14,MOD(ROWS($BA$15:BA25)-1,3)+1)} -> 2 | BB25: =COUNTIFS(DATA_CLEANED!AH$3:AH$1060,AZ25,DATA_CLEANED!AF$3:AF$1060,AY25) -> 2 | BC25: =IF(BA25>BB25,"Donnée manquante",IF(BA25<BB25,"A VERIFIER","OK")) -> OK | BE25: =IF(OR(DATA_CLEANED!AL16="",DATA_CLEANED!AM16=""),"MANQUANT",IF(OR(NOT(ISNUMBER(DATA_CLEANED!AL16)),NOT(ISNUMBER(DATA_CLEANED!AM16))),"ENTREE INVALIDE",IF(OR(DATA_CLEANED!AL16<0,DATA_CLEANED!AM16<0),"SCORE NEGATIF","OK"))) -> OK | BF25: =IF(DATA_CLEANED!AK16<>DATA_CLEANED!AN16,"OK","ERREUR") -> OK | BG25: =IF(DATA_CLEANED!AL16>DATA_CLEANED!AM16,DATA_CLEANED!AK16,IF(AND(DATA_QUALITE!W4502="-",DATA_CLEANED!AM16=DATA_CLEANED!AL16),"MATCH NUL",IF(AND(DATA_QUALITE!V4502="-",DATA_QUALITE!U4502="AUCUNE"),DATA_QUALITE!T4502,IF(DATA_QUALITE!V4502<>"-",DATA_QUALITE!V4502,DATA_CLEANED!AN16)))) -> Uruguay | BH25: =IF(AND(BG25="MATCH NUL",DATA_CLEANED!AO16="-"),"MATCH_NUL",IF(ISNUMBER(SEARCH("win on penalties",W4502)),"WIN_BY_PENALTY",IF(ISNUMBER(SEARCH("win after extra time",W4502)),"WIN_BY_EXTRA_TIME",IF(ISNUMBER(SEARCH("Golden Goal",W4502)),"WIN_BY_GOLDEN_GOAL","WIN_BY_SCORE")))) -> WIN_BY_SCORE | BI25: =IF(OR(BG25=DATA_CLEANED!AK16,BG25=DATA_CLEANED!AN16,BG25="MATCH NUL"),"OK","ERREUR") -> OK | BK25: 1990 | BL25: 52 | BM25: 52 | BN25: =IF(BL25=BM25,"OK","MATCH_MANQUANTS") -> OK
B26: =UPPER("retiré") -> RETIRÉ | C26: 2014.0 | D26: 12 Jul 2014 - 17:00 | E26: Play-off for third place | F26: Estadio Nacional | G26: Brasilia | H26: Brazil | I26: 0.0 | J26: 3.0 | K26: Netherlands | M26: 2014.0|12 Jul 2014 - 17:00 |Play-off for third place|Estadio Nacional|Brasilia |Brazil|0.0|3.0|Netherlands| | N26: DOUBLON | R26: Azerbaijan | S26: Croatia | T26: =IF(COUNTIF(R$13:R$250,S26)=1,"OK","ERREUR") -> OK | U26: =IF(OR(S26="Scotland",S26="England",S26="Wales",S26="Yugoslavia",S26="Czechoslovakia",S26="Northern Ireland",S26="Soviet Union",S26="Zaire",S26="Dutch East Indies"),"AUCUNE",IF(OR(S26="Cape Verde",S26="USA",S26="DR Congo",S26="Republic of Korea",S26="Germany FR",S26="Germany DR",S26="Czechia",S26="Ivory Coast",S26="Korea DPR",S26="China PR",S26="IR Iran",S26="Türkiye",S26="Congo DR",S26="German DR",ISNUMBER(SEARCH("rn"">United Arab Emirates",S26)),ISNUMBER(SEARCH("rn"">Republic of Ireland",S26)),ISNUMBER(SEARCH("rn"">Bosnia and Herzegovina",S26)),ISNUMBER(SEARCH("rn"">Trinidad and Tobago",S26)),ISNUMBER(SEARCH("rn"">Serbia and Montenegro",S26)),ISNUMBER(SEARCH(_xlfn.UNICHAR(65533),S26))),"RENOMMER","-")) -> - | V26: {=_xlfn.IFS( ISNUMBER(SEARCH("USA",S26)),"United States", ISNUMBER(SEARCH("Republic of Korea",S26)),"South Korea", ISNUMBER(SEARCH("Cape Verde",S26)),"Cabo Verde", ISNUMBER(SEARCH("Czechia",S26)),"Czech Republic", ISNUMBER(SEARCH("Türkiye",S26)),"Turkey", ISNUMBER(SEARCH("Ivory Coast",S26)),"Côte d'Ivoire", ISNUMBER(SEARCH("Korea Republic",S26)),"South Korea", ISNUMBER(SEARCH("Germany FR",S26)),"FR Germany", ISNUMBER(SEARCH("Germany DR",S26)),"DR Germany", ISNUMBER(SEARCH("Korea DPR",S26)),"North Korea", ISNUMBER(SEARCH("China PR",S26)),"China", ISNUMBER(SEARCH("IR Iran",S26)),"Iran", ISNUMBER(SEARCH("Congo DR",S26)),"Democratic Republic of the Congo", ISNUMBER(SEARCH("DR Congo",S26)),"Democratic Republic of the Congo", ISNUMBER(SEARCH("German DR",S26)),"DR Germany", ISNUMBER(SEARCH("rn"">United Arab Emirates",S26)),"United Arab Emirates", ISNUMBER(SEARCH("rn"">Republic of Ireland",S26)),"Ireland", ISNUMBER(SEARCH("rn"">Bosnia and Herzegovina",S26)),"Bosnia and Herzegovina", ISNUMBER(SEARCH("rn"">Trinidad and Tobago",S26)),"Trinidad and Tobago", ISNUMBER(SEARCH("rn"">Serbia and Montenegro",S26)),"Serbia and Montenegro", ISNUMBER(SEARCH("te d'Ivoire",S26)),"Côte d'Ivoire", TRUE,"" )} | W26: =IF(V26="",S26,V26) -> Croatia | X26: Chile | AB26: La Coru�A | AF26: 27.8 | AS26: Group F | AT26: GROUP_STAGE | AU26: 6 | AV26: QUARTER_FINALS | AW26: GROUP_STAGE | AY26: {=INDEX(_xlfn.UNIQUE(DATA_CLEANED!AF17:'DATA_CLEANED'!AF1074),INT((ROWS(AY$12:AY26)-1)/3)+1)} -> 1954 | AZ26: FINAL | BA26: {=INDEX($BA$12:$BA$14,MOD(ROWS($BA$15:BA26)-1,3)+1)} -> 1 | BB26: =COUNTIFS(DATA_CLEANED!AH$3:AH$1060,AZ26,DATA_CLEANED!AF$3:AF$1060,AY26) -> 1 | BC26: =IF(BA26>BB26,"Donnée manquante",IF(BA26<BB26,"A VERIFIER","OK")) -> OK | BE26: =IF(OR(DATA_CLEANED!AL17="",DATA_CLEANED!AM17=""),"MANQUANT",IF(OR(NOT(ISNUMBER(DATA_CLEANED!AL17)),NOT(ISNUMBER(DATA_CLEANED!AM17))),"ENTREE INVALIDE",IF(OR(DATA_CLEANED!AL17<0,DATA_CLEANED!AM17<0),"SCORE NEGATIF","OK"))) -> OK | BF26: =IF(DATA_CLEANED!AK17<>DATA_CLEANED!AN17,"OK","ERREUR") -> OK | BG26: =IF(DATA_CLEANED!AL17>DATA_CLEANED!AM17,DATA_CLEANED!AK17,IF(AND(DATA_QUALITE!W4503="-",DATA_CLEANED!AM17=DATA_CLEANED!AL17),"MATCH NUL",IF(AND(DATA_QUALITE!V4503="-",DATA_QUALITE!U4503="AUCUNE"),DATA_QUALITE!T4503,IF(DATA_QUALITE!V4503<>"-",DATA_QUALITE!V4503,DATA_CLEANED!AN17)))) -> Argentina | BH26: =IF(AND(BG26="MATCH NUL",DATA_CLEANED!AO17="-"),"MATCH_NUL",IF(ISNUMBER(SEARCH("win on penalties",W4503)),"WIN_BY_PENALTY",IF(ISNUMBER(SEARCH("win after extra time",W4503)),"WIN_BY_EXTRA_TIME",IF(ISNUMBER(SEARCH("Golden Goal",W4503)),"WIN_BY_GOLDEN_GOAL","WIN_BY_SCORE")))) -> WIN_BY_SCORE | BI26: =IF(OR(BG26=DATA_CLEANED!AK17,BG26=DATA_CLEANED!AN17,BG26="MATCH NUL"),"OK","ERREUR") -> OK | BK26: 1994 | BL26: 52 | BM26: 52 | BN26: =IF(BL26=BM26,"OK","MATCH_MANQUANTS") -> OK
B27: =UPPER("retiré") -> RETIRÉ | C27: 2014.0 | D27: 13 Jul 2014 - 16:00 | E27: Final | F27: Estadio do Maracana | G27: Rio De Janeiro | H27: Germany | I27: 1.0 | J27: 0.0 | K27: Argentina | L27: Germany win after extra time | M27: 2014.0|13 Jul 2014 - 16:00 |Final|Estadio do Maracana|Rio De Janeiro |Germany|1.0|0.0|Argentina|Germany win after extra time | N27: DOUBLON | R27: The Bahamas | S27: Austria | T27: =IF(COUNTIF(R$13:R$250,S27)=1,"OK","ERREUR") -> OK | U27: =IF(OR(S27="Scotland",S27="England",S27="Wales",S27="Yugoslavia",S27="Czechoslovakia",S27="Northern Ireland",S27="Soviet Union",S27="Zaire",S27="Dutch East Indies"),"AUCUNE",IF(OR(S27="Cape Verde",S27="USA",S27="DR Congo",S27="Republic of Korea",S27="Germany FR",S27="Germany DR",S27="Czechia",S27="Ivory Coast",S27="Korea DPR",S27="China PR",S27="IR Iran",S27="Türkiye",S27="Congo DR",S27="German DR",ISNUMBER(SEARCH("rn"">United Arab Emirates",S27)),ISNUMBER(SEARCH("rn"">Republic of Ireland",S27)),ISNUMBER(SEARCH("rn"">Bosnia and Herzegovina",S27)),ISNUMBER(SEARCH("rn"">Trinidad and Tobago",S27)),ISNUMBER(SEARCH("rn"">Serbia and Montenegro",S27)),ISNUMBER(SEARCH(_xlfn.UNICHAR(65533),S27))),"RENOMMER","-")) -> - | V27: {=_xlfn.IFS( ISNUMBER(SEARCH("USA",S27)),"United States", ISNUMBER(SEARCH("Republic of Korea",S27)),"South Korea", ISNUMBER(SEARCH("Cape Verde",S27)),"Cabo Verde", ISNUMBER(SEARCH("Czechia",S27)),"Czech Republic", ISNUMBER(SEARCH("Türkiye",S27)),"Turkey", ISNUMBER(SEARCH("Ivory Coast",S27)),"Côte d'Ivoire", ISNUMBER(SEARCH("Korea Republic",S27)),"South Korea", ISNUMBER(SEARCH("Germany FR",S27)),"FR Germany", ISNUMBER(SEARCH("Germany DR",S27)),"DR Germany", ISNUMBER(SEARCH("Korea DPR",S27)),"North Korea", ISNUMBER(SEARCH("China PR",S27)),"China", ISNUMBER(SEARCH("IR Iran",S27)),"Iran", ISNUMBER(SEARCH("Congo DR",S27)),"Democratic Republic of the Congo", ISNUMBER(SEARCH("DR Congo",S27)),"Democratic Republic of the Congo", ISNUMBER(SEARCH("German DR",S27)),"DR Germany", ISNUMBER(SEARCH("rn"">United Arab Emirates",S27)),"United Arab Emirates", ISNUMBER(SEARCH("rn"">Republic of Ireland",S27)),"Ireland", ISNUMBER(SEARCH("rn"">Bosnia and Herzegovina",S27)),"Bosnia and Herzegovina", ISNUMBER(SEARCH("rn"">Trinidad and Tobago",S27)),"Trinidad and Tobago", ISNUMBER(SEARCH("rn"">Serbia and Montenegro",S27)),"Serbia and Montenegro", ISNUMBER(SEARCH("te d'Ivoire",S27)),"Côte d'Ivoire", TRUE,"" )} | W27: =IF(V27="",S27,V27) -> Austria | X27: China | AF27: 27.5 | AS27: Group G | AT27: GROUP_STAGE | AU27: 6 | AV27: QUARTER_FINALS | AW27: SEMI_FINALS | AY27: {=INDEX(_xlfn.UNIQUE(DATA_CLEANED!AF18:'DATA_CLEANED'!AF1075),INT((ROWS(AY$12:AY27)-1)/3)+1)} -> 1958 | AZ27: QUARTER_FINALS | BA27: 4 | BB27: =COUNTIFS(DATA_CLEANED!AH$3:AH$1060,AZ27,DATA_CLEANED!AF$3:AF$1060,AY27) -> 4 | BC27: =IF(BA27>BB27,"Donnée manquante",IF(BA27<BB27,"A VERIFIER","OK")) -> OK | BE27: =IF(OR(DATA_CLEANED!AL18="",DATA_CLEANED!AM18=""),"MANQUANT",IF(OR(NOT(ISNUMBER(DATA_CLEANED!AL18)),NOT(ISNUMBER(DATA_CLEANED!AM18))),"ENTREE INVALIDE",IF(OR(DATA_CLEANED!AL18<0,DATA_CLEANED!AM18<0),"SCORE NEGATIF","OK"))) -> OK | BF27: =IF(DATA_CLEANED!AK18<>DATA_CLEANED!AN18,"OK","ERREUR") -> OK | BG27: =IF(DATA_CLEANED!AL18>DATA_CLEANED!AM18,DATA_CLEANED!AK18,IF(AND(DATA_QUALITE!W4504="-",DATA_CLEANED!AM18=DATA_CLEANED!AL18),"MATCH NUL",IF(AND(DATA_QUALITE!V4504="-",DATA_QUALITE!U4504="AUCUNE"),DATA_QUALITE!T4504,IF(DATA_QUALITE!V4504<>"-",DATA_QUALITE!V4504,DATA_CLEANED!AN18)))) -> Argentina | BH27: =IF(AND(BG27="MATCH NUL",DATA_CLEANED!AO18="-"),"MATCH_NUL",IF(ISNUMBER(SEARCH("win on penalties",W4504)),"WIN_BY_PENALTY",IF(ISNUMBER(SEARCH("win after extra time",W4504)),"WIN_BY_EXTRA_TIME",IF(ISNUMBER(SEARCH("Golden Goal",W4504)),"WIN_BY_GOLDEN_GOAL","WIN_BY_SCORE")))) -> WIN_BY_SCORE | BI27: =IF(OR(BG27=DATA_CLEANED!AK18,BG27=DATA_CLEANED!AN18,BG27="MATCH NUL"),"OK","ERREUR") -> OK | BK27: 1998 | BL27: 64 | BM27: 64 | BN27: =IF(BL27=BM27,"OK","MATCH_MANQUANTS") -> OK
R28: Bahrain | S28: Colombia | T28: =IF(COUNTIF(R$13:R$250,S28)=1,"OK","ERREUR") -> OK | U28: =IF(OR(S28="Scotland",S28="England",S28="Wales",S28="Yugoslavia",S28="Czechoslovakia",S28="Northern Ireland",S28="Soviet Union",S28="Zaire",S28="Dutch East Indies"),"AUCUNE",IF(OR(S28="Cape Verde",S28="USA",S28="DR Congo",S28="Republic of Korea",S28="Germany FR",S28="Germany DR",S28="Czechia",S28="Ivory Coast",S28="Korea DPR",S28="China PR",S28="IR Iran",S28="Türkiye",S28="Congo DR",S28="German DR",ISNUMBER(SEARCH("rn"">United Arab Emirates",S28)),ISNUMBER(SEARCH("rn"">Republic of Ireland",S28)),ISNUMBER(SEARCH("rn"">Bosnia and Herzegovina",S28)),ISNUMBER(SEARCH("rn"">Trinidad and Tobago",S28)),ISNUMBER(SEARCH("rn"">Serbia and Montenegro",S28)),ISNUMBER(SEARCH(_xlfn.UNICHAR(65533),S28))),"RENOMMER","-")) -> - | V28: {=_xlfn.IFS( ISNUMBER(SEARCH("USA",S28)),"United States", ISNUMBER(SEARCH("Republic of Korea",S28)),"South Korea", ISNUMBER(SEARCH("Cape Verde",S28)),"Cabo Verde", ISNUMBER(SEARCH("Czechia",S28)),"Czech Republic", ISNUMBER(SEARCH("Türkiye",S28)),"Turkey", ISNUMBER(SEARCH("Ivory Coast",S28)),"Côte d'Ivoire", ISNUMBER(SEARCH("Korea Republic",S28)),"South Korea", ISNUMBER(SEARCH("Germany FR",S28)),"FR Germany", ISNUMBER(SEARCH("Germany DR",S28)),"DR Germany", ISNUMBER(SEARCH("Korea DPR",S28)),"North Korea", ISNUMBER(SEARCH("China PR",S28)),"China", ISNUMBER(SEARCH("IR Iran",S28)),"Iran", ISNUMBER(SEARCH("Congo DR",S28)),"Democratic Republic of the Congo", ISNUMBER(SEARCH("DR Congo",S28)),"Democratic Republic of the Congo", ISNUMBER(SEARCH("German DR",S28)),"DR Germany", ISNUMBER(SEARCH("rn"">United Arab Emirates",S28)),"United Arab Emirates", ISNUMBER(SEARCH("rn"">Republic of Ireland",S28)),"Ireland", ISNUMBER(SEARCH("rn"">Bosnia and Herzegovina",S28)),"Bosnia and Herzegovina", ISNUMBER(SEARCH("rn"">Trinidad and Tobago",S28)),"Trinidad and Tobago", ISNUMBER(SEARCH("rn"">Serbia and Montenegro",S28)),"Serbia and Montenegro", ISNUMBER(SEARCH("te d'Ivoire",S28)),"Côte d'Ivoire", TRUE,"" )} | W28: =IF(V28="",S28,V28) -> Colombia | X28: Colombia | AF28: 27.9 | AS28: Group H | AT28: GROUP_STAGE | AU28: 6 | AV28: QUARTER_FINALS | AW28: SEMI_FINALS | AY28: {=INDEX(_xlfn.UNIQUE(DATA_CLEANED!AF19:'DATA_CLEANED'!AF1076),INT((ROWS(AY$12:AY28)-1)/3)+1)} -> 1958 | AZ28: SEMI_FINALS | BA28: {=INDEX($BA$12:$BA$14,MOD(ROWS($BA$15:BA28)-1,3)+1)} -> 2 | BB28: =COUNTIFS(DATA_CLEANED!AH$3:AH$1060,AZ28,DATA_CLEANED!AF$3:AF$1060,AY28) -> 2 | BC28: =IF(BA28>BB28,"Donnée manquante",IF(BA28<BB28,"A VERIFIER","OK")) -> OK | BE28: =IF(OR(DATA_CLEANED!AL19="",DATA_CLEANED!AM19=""),"MANQUANT",IF(OR(NOT(ISNUMBER(DATA_CLEANED!AL19)),NOT(ISNUMBER(DATA_CLEANED!AM19))),"ENTREE INVALIDE",IF(OR(DATA_CLEANED!AL19<0,DATA_CLEANED!AM19<0),"SCORE NEGATIF","OK"))) -> OK | BF28: =IF(DATA_CLEANED!AK19<>DATA_CLEANED!AN19,"OK","ERREUR") -> OK | BG28: =IF(DATA_CLEANED!AL19>DATA_CLEANED!AM19,DATA_CLEANED!AK19,IF(AND(DATA_QUALITE!W4505="-",DATA_CLEANED!AM19=DATA_CLEANED!AL19),"MATCH NUL",IF(AND(DATA_QUALITE!V4505="-",DATA_QUALITE!U4505="AUCUNE"),DATA_QUALITE!T4505,IF(DATA_QUALITE!V4505<>"-",DATA_QUALITE!V4505,DATA_CLEANED!AN19)))) -> Uruguay | BH28: =IF(AND(BG28="MATCH NUL",DATA_CLEANED!AO19="-"),"MATCH_NUL",IF(ISNUMBER(SEARCH("win on penalties",W4505)),"WIN_BY_PENALTY",IF(ISNUMBER(SEARCH("win after extra time",W4505)),"WIN_BY_EXTRA_TIME",IF(ISNUMBER(SEARCH("Golden Goal",W4505)),"WIN_BY_GOLDEN_GOAL","WIN_BY_SCORE")))) -> WIN_BY_SCORE | BI28: =IF(OR(BG28=DATA_CLEANED!AK19,BG28=DATA_CLEANED!AN19,BG28="MATCH NUL"),"OK","ERREUR") -> OK | BK28: 2002 | BL28: 64 | BM28: 64 | BN28: =IF(BL28=BM28,"OK","MATCH_MANQUANTS") -> OK
B29: Données controlées | R29: Bangladesh | S29: Paraguay | T29: =IF(COUNTIF(R$13:R$250,S29)=1,"OK","ERREUR") -> OK | U29: =IF(OR(S29="Scotland",S29="England",S29="Wales",S29="Yugoslavia",S29="Czechoslovakia",S29="Northern Ireland",S29="Soviet Union",S29="Zaire",S29="Dutch East Indies"),"AUCUNE",IF(OR(S29="Cape Verde",S29="USA",S29="DR Congo",S29="Republic of Korea",S29="Germany FR",S29="Germany DR",S29="Czechia",S29="Ivory Coast",S29="Korea DPR",S29="China PR",S29="IR Iran",S29="Türkiye",S29="Congo DR",S29="German DR",ISNUMBER(SEARCH("rn"">United Arab Emirates",S29)),ISNUMBER(SEARCH("rn"">Republic of Ireland",S29)),ISNUMBER(SEARCH("rn"">Bosnia and Herzegovina",S29)),ISNUMBER(SEARCH("rn"">Trinidad and Tobago",S29)),ISNUMBER(SEARCH("rn"">Serbia and Montenegro",S29)),ISNUMBER(SEARCH(_xlfn.UNICHAR(65533),S29))),"RENOMMER","-")) -> - | V29: {=_xlfn.IFS( ISNUMBER(SEARCH("USA",S29)),"United States", ISNUMBER(SEARCH("Republic of Korea",S29)),"South Korea", ISNUMBER(SEARCH("Cape Verde",S29)),"Cabo Verde", ISNUMBER(SEARCH("Czechia",S29)),"Czech Republic", ISNUMBER(SEARCH("Türkiye",S29)),"Turkey", ISNUMBER(SEARCH("Ivory Coast",S29)),"Côte d'Ivoire", ISNUMBER(SEARCH("Korea Republic",S29)),"South Korea", ISNUMBER(SEARCH("Germany FR",S29)),"FR Germany", ISNUMBER(SEARCH("Germany DR",S29)),"DR Germany", ISNUMBER(SEARCH("Korea DPR",S29)),"North Korea", ISNUMBER(SEARCH("China PR",S29)),"China", ISNUMBER(SEARCH("IR Iran",S29)),"Iran", ISNUMBER(SEARCH("Congo DR",S29)),"Democratic Republic of the Congo", ISNUMBER(SEARCH("DR Congo",S29)),"Democratic Republic of the Congo", ISNUMBER(SEARCH("German DR",S29)),"DR Germany", ISNUMBER(SEARCH("rn"">United Arab Emirates",S29)),"United Arab Emirates", ISNUMBER(SEARCH("rn"">Republic of Ireland",S29)),"Ireland", ISNUMBER(SEARCH("rn"">Bosnia and Herzegovina",S29)),"Bosnia and Herzegovina", ISNUMBER(SEARCH("rn"">Trinidad and Tobago",S29)),"Trinidad and Tobago", ISNUMBER(SEARCH("rn"">Serbia and Montenegro",S29)),"Serbia and Montenegro", ISNUMBER(SEARCH("te d'Ivoire",S29)),"Côte d'Ivoire", TRUE,"" )} | W29: =IF(V29="",S29,V29) -> Paraguay | X29: Costa Rica | Z29: Tableau de correspondance | AF29: 28.2 | AS29: group stage | AT29: GROUP_STAGE | AU29: 6 | AV29: QUARTER_FINALS | AW29: FINAL | AY29: {=INDEX(_xlfn.UNIQUE(DATA_CLEANED!AF20:'DATA_CLEANED'!AF1077),INT((ROWS(AY$12:AY29)-1)/3)+1)} -> 1958 | AZ29: FINAL | BA29: {=INDEX($BA$12:$BA$14,MOD(ROWS($BA$15:BA29)-1,3)+1)} -> 1 | BB29: =COUNTIFS(DATA_CLEANED!AH$3:AH$1060,AZ29,DATA_CLEANED!AF$3:AF$1060,AY29) -> 1 | BC29: =IF(BA29>BB29,"Donnée manquante",IF(BA29<BB29,"A VERIFIER","OK")) -> OK | BE29: =IF(OR(DATA_CLEANED!AL20="",DATA_CLEANED!AM20=""),"MANQUANT",IF(OR(NOT(ISNUMBER(DATA_CLEANED!AL20)),NOT(ISNUMBER(DATA_CLEANED!AM20))),"ENTREE INVALIDE",IF(OR(DATA_CLEANED!AL20<0,DATA_CLEANED!AM20<0),"SCORE NEGATIF","OK"))) -> OK | BF29: =IF(DATA_CLEANED!AK20<>DATA_CLEANED!AN20,"OK","ERREUR") -> OK | BG29: =IF(DATA_CLEANED!AL20>DATA_CLEANED!AM20,DATA_CLEANED!AK20,IF(AND(DATA_QUALITE!W4506="-",DATA_CLEANED!AM20=DATA_CLEANED!AL20),"MATCH NUL",IF(AND(DATA_QUALITE!V4506="-",DATA_QUALITE!U4506="AUCUNE"),DATA_QUALITE!T4506,IF(DATA_QUALITE!V4506<>"-",DATA_QUALITE!V4506,DATA_CLEANED!AN20)))) -> Uruguay | BH29: =IF(AND(BG29="MATCH NUL",DATA_CLEANED!AO20="-"),"MATCH_NUL",IF(ISNUMBER(SEARCH("win on penalties",W4506)),"WIN_BY_PENALTY",IF(ISNUMBER(SEARCH("win after extra time",W4506)),"WIN_BY_EXTRA_TIME",IF(ISNUMBER(SEARCH("Golden Goal",W4506)),"WIN_BY_GOLDEN_GOAL","WIN_BY_SCORE")))) -> WIN_BY_SCORE | BI29: =IF(OR(BG29=DATA_CLEANED!AK20,BG29=DATA_CLEANED!AN20,BG29="MATCH NUL"),"OK","ERREUR") -> OK | BK29: 2006 | BL29: 64 | BM29: 64 | BN29: =IF(BL29=BM29,"OK","MATCH_MANQUANTS") -> OK
B30: Dataset : 2026_Team_ Summaries | R30: Barbados | S30: Japan | T30: =IF(COUNTIF(R$13:R$250,S30)=1,"OK","ERREUR") -> OK | U30: =IF(OR(S30="Scotland",S30="England",S30="Wales",S30="Yugoslavia",S30="Czechoslovakia",S30="Northern Ireland",S30="Soviet Union",S30="Zaire",S30="Dutch East Indies"),"AUCUNE",IF(OR(S30="Cape Verde",S30="USA",S30="DR Congo",S30="Republic of Korea",S30="Germany FR",S30="Germany DR",S30="Czechia",S30="Ivory Coast",S30="Korea DPR",S30="China PR",S30="IR Iran",S30="Türkiye",S30="Congo DR",S30="German DR",ISNUMBER(SEARCH("rn"">United Arab Emirates",S30)),ISNUMBER(SEARCH("rn"">Republic of Ireland",S30)),ISNUMBER(SEARCH("rn"">Bosnia and Herzegovina",S30)),ISNUMBER(SEARCH("rn"">Trinidad and Tobago",S30)),ISNUMBER(SEARCH("rn"">Serbia and Montenegro",S30)),ISNUMBER(SEARCH(_xlfn.UNICHAR(65533),S30))),"RENOMMER","-")) -> - | V30: {=_xlfn.IFS( ISNUMBER(SEARCH("USA",S30)),"United States", ISNUMBER(SEARCH("Republic of Korea",S30)),"South Korea", ISNUMBER(SEARCH("Cape Verde",S30)),"Cabo Verde", ISNUMBER(SEARCH("Czechia",S30)),"Czech Republic", ISNUMBER(SEARCH("Türkiye",S30)),"Turkey", ISNUMBER(SEARCH("Ivory Coast",S30)),"Côte d'Ivoire", ISNUMBER(SEARCH("Korea Republic",S30)),"South Korea", ISNUMBER(SEARCH("Germany FR",S30)),"FR Germany", ISNUMBER(SEARCH("Germany DR",S30)),"DR Germany", ISNUMBER(SEARCH("Korea DPR",S30)),"North Korea", ISNUMBER(SEARCH("China PR",S30)),"China", ISNUMBER(SEARCH("IR Iran",S30)),"Iran", ISNUMBER(SEARCH("Congo DR",S30)),"Democratic Republic of the Congo", ISNUMBER(SEARCH("DR Congo",S30)),"Democratic Republic of the Congo", ISNUMBER(SEARCH("German DR",S30)),"DR Germany", ISNUMBER(SEARCH("rn"">United Arab Emirates",S30)),"United Arab Emirates", ISNUMBER(SEARCH("rn"">Republic of Ireland",S30)),"Ireland", ISNUMBER(SEARCH("rn"">Bosnia and Herzegovina",S30)),"Bosnia and Herzegovina", ISNUMBER(SEARCH("rn"">Trinidad and Tobago",S30)),"Trinidad and Tobago", ISNUMBER(SEARCH("rn"">Serbia and Montenegro",S30)),"Serbia and Montenegro", ISNUMBER(SEARCH("te d'Ivoire",S30)),"Côte d'Ivoire", TRUE,"" )} | W30: =IF(V30="",S30,V30) -> Japan | X30: Côte d'Ivoire | Z30: Liste des stades (BRUT) | AA30: Liste des stades (CLEAN) | AB30: Liste des villes (BRUT) | AC30: Liste des villes (CLEAN) | AF30: 29.6 | AS30: Match for third place | AT30: THIRD_PLACE | AU30: 2 | AV30: QUARTER_FINALS | AW30: GROUP_STAGE | AY30: {=INDEX(_xlfn.UNIQUE(DATA_CLEANED!AF21:'DATA_CLEANED'!AF1078),INT((ROWS(AY$12:AY30)-1)/3)+1)} -> 1966 | AZ30: QUARTER_FINALS | BA30: 4 | BB30: =COUNTIFS(DATA_CLEANED!AH$3:AH$1060,AZ30,DATA_CLEANED!AF$3:AF$1060,AY30) -> 4 | BC30: =IF(BA30>BB30,"Donnée manquante",IF(BA30<BB30,"A VERIFIER","OK")) -> OK | BE30: =IF(OR(DATA_CLEANED!AL21="",DATA_CLEANED!AM21=""),"MANQUANT",IF(OR(NOT(ISNUMBER(DATA_CLEANED!AL21)),NOT(ISNUMBER(DATA_CLEANED!AM21))),"ENTREE INVALIDE",IF(OR(DATA_CLEANED!AL21<0,DATA_CLEANED!AM21<0),"SCORE NEGATIF","OK"))) -> OK | BF30: =IF(DATA_CLEANED!AK21<>DATA_CLEANED!AN21,"OK","ERREUR") -> OK | BG30: =IF(DATA_CLEANED!AL21>DATA_CLEANED!AM21,DATA_CLEANED!AK21,IF(AND(DATA_QUALITE!W4507="-",DATA_CLEANED!AM21=DATA_CLEANED!AL21),"MATCH NUL",IF(AND(DATA_QUALITE!V4507="-",DATA_QUALITE!U4507="AUCUNE"),DATA_QUALITE!T4507,IF(DATA_QUALITE!V4507<>"-",DATA_QUALITE!V4507,DATA_CLEANED!AN21)))) -> Austria | BH30: =IF(AND(BG30="MATCH NUL",DATA_CLEANED!AO21="-"),"MATCH_NUL",IF(ISNUMBER(SEARCH("win on penalties",W4507)),"WIN_BY_PENALTY",IF(ISNUMBER(SEARCH("win after extra time",W4507)),"WIN_BY_EXTRA_TIME",IF(ISNUMBER(SEARCH("Golden Goal",W4507)),"WIN_BY_GOLDEN_GOAL","WIN_BY_SCORE")))) -> WIN_BY_EXTRA_TIME | BI30: =IF(OR(BG30=DATA_CLEANED!AK21,BG30=DATA_CLEANED!AN21,BG30="MATCH NUL"),"OK","ERREUR") -> OK | BK30: 2010 | BL30: 64 | BM30: 64 | BN30: =IF(BL30=BM30,"OK","MATCH_MANQUANTS") -> OK
B31: {=DATA_BRUT!A2:E50} -> Country | C31: 2026_Average_Age | D31: 2026_Unique_Clubs_Represented | E31: Historical_Matches_Played | F31: Historical_Goals_Scored | G31: IDENTIFIANT | H31: CONTRÔLE | R31: Belarus | S31: Morocco | T31: =IF(COUNTIF(R$13:R$250,S31)=1,"OK","ERREUR") -> OK | U31: =IF(OR(S31="Scotland",S31="England",S31="Wales",S31="Yugoslavia",S31="Czechoslovakia",S31="Northern Ireland",S31="Soviet Union",S31="Zaire",S31="Dutch East Indies"),"AUCUNE",IF(OR(S31="Cape Verde",S31="USA",S31="DR Congo",S31="Republic of Korea",S31="Germany FR",S31="Germany DR",S31="Czechia",S31="Ivory Coast",S31="Korea DPR",S31="China PR",S31="IR Iran",S31="Türkiye",S31="Congo DR",S31="German DR",ISNUMBER(SEARCH("rn"">United Arab Emirates",S31)),ISNUMBER(SEARCH("rn"">Republic of Ireland",S31)),ISNUMBER(SEARCH("rn"">Bosnia and Herzegovina",S31)),ISNUMBER(SEARCH("rn"">Trinidad and Tobago",S31)),ISNUMBER(SEARCH("rn"">Serbia and Montenegro",S31)),ISNUMBER(SEARCH(_xlfn.UNICHAR(65533),S31))),"RENOMMER","-")) -> - | V31: {=_xlfn.IFS( ISNUMBER(SEARCH("USA",S31)),"United States", ISNUMBER(SEARCH("Republic of Korea",S31)),"South Korea", ISNUMBER(SEARCH("Cape Verde",S31)),"Cabo Verde", ISNUMBER(SEARCH("Czechia",S31)),"Czech Republic", ISNUMBER(SEARCH("Türkiye",S31)),"Turkey", ISNUMBER(SEARCH("Ivory Coast",S31)),"Côte d'Ivoire", ISNUMBER(SEARCH("Korea Republic",S31)),"South Korea", ISNUMBER(SEARCH("Germany FR",S31)),"FR Germany", ISNUMBER(SEARCH("Germany DR",S31)),"DR Germany", ISNUMBER(SEARCH("Korea DPR",S31)),"North Korea", ISNUMBER(SEARCH("China PR",S31)),"China", ISNUMBER(SEARCH("IR Iran",S31)),"Iran", ISNUMBER(SEARCH("Congo DR",S31)),"Democratic Republic of the Congo", ISNUMBER(SEARCH("DR Congo",S31)),"Democratic Republic of the Congo", ISNUMBER(SEARCH("German DR",S31)),"DR Germany", ISNUMBER(SEARCH("rn"">United Arab Emirates",S31)),"United Arab Emirates", ISNUMBER(SEARCH("rn"">Republic of Ireland",S31)),"Ireland", ISNUMBER(SEARCH("rn"">Bosnia and Herzegovina",S31)),"Bosnia and Herzegovina", ISNUMBER(SEARCH("rn"">Trinidad and Tobago",S31)),"Trinidad and Tobago", ISNUMBER(SEARCH("rn"">Serbia and Montenegro",S31)),"Serbia and Montenegro", ISNUMBER(SEARCH("te d'Ivoire",S31)),"Côte d'Ivoire", TRUE,"" )} | W31: =IF(V31="",S31,V31) -> Morocco | X31: Croatia | Z31: {=_xlfn.ANCHORARRAY(AB16)} -> Stade V�lodrome | AA31: Stade Vélodrome | AB31: {=_xlfn.ANCHORARRAY(AB23)} -> Malm� | AC31: Malmö | AF31: 28.5 | AS31: Play-off for third place | AT31: THIRD_PLACE | AU31: 2 | AV31: QUARTER_FINALS | AW31: GROUP_STAGE | AY31: {=INDEX(_xlfn.UNIQUE(DATA_CLEANED!AF22:'DATA_CLEANED'!AF1079),INT((ROWS(AY$12:AY31)-1)/3)+1)} -> 1966 | AZ31: SEMI_FINALS | BA31: {=INDEX($BA$12:$BA$14,MOD(ROWS($BA$15:BA31)-1,3)+1)} -> 2 | BB31: =COUNTIFS(DATA_CLEANED!AH$3:AH$1060,AZ31,DATA_CLEANED!AF$3:AF$1060,AY31) -> 2 | BC31: =IF(BA31>BB31,"Donnée manquante",IF(BA31<BB31,"A VERIFIER","OK")) -> OK | BE31: =IF(OR(DATA_CLEANED!AL22="",DATA_CLEANED!AM22=""),"MANQUANT",IF(OR(NOT(ISNUMBER(DATA_CLEANED!AL22)),NOT(ISNUMBER(DATA_CLEANED!AM22))),"ENTREE INVALIDE",IF(OR(DATA_CLEANED!AL22<0,DATA_CLEANED!AM22<0),"SCORE NEGATIF","OK"))) -> OK | BF31: =IF(DATA_CLEANED!AK22<>DATA_CLEANED!AN22,"OK","ERREUR") -> OK | BG31: =IF(DATA_CLEANED!AL22>DATA_CLEANED!AM22,DATA_CLEANED!AK22,IF(AND(DATA_QUALITE!W4508="-",DATA_CLEANED!AM22=DATA_CLEANED!AL22),"MATCH NUL",IF(AND(DATA_QUALITE!V4508="-",DATA_QUALITE!U4508="AUCUNE"),DATA_QUALITE!T4508,IF(DATA_QUALITE!V4508<>"-",DATA_QUALITE!V4508,DATA_CLEANED!AN22)))) -> Hungary | BH31: =IF(AND(BG31="MATCH NUL",DATA_CLEANED!AO22="-"),"MATCH_NUL",IF(ISNUMBER(SEARCH("win on penalties",W4508)),"WIN_BY_PENALTY",IF(ISNUMBER(SEARCH("win after extra time",W4508)),"WIN_BY_EXTRA_TIME",IF(ISNUMBER(SEARCH("Golden Goal",W4508)),"WIN_BY_GOLDEN_GOAL","WIN_BY_SCORE")))) -> WIN_BY_SCORE | BI31: =IF(OR(BG31=DATA_CLEANED!AK22,BG31=DATA_CLEANED!AN22,BG31="MATCH NUL"),"OK","ERREUR") -> OK | BK31: 2014 | BL31: 64 | BM31: 64 | BN31: =IF(BL31=BM31,"OK","MATCH_MANQUANTS") -> OK
B32: Brazil | C32: 28.8 | D32: 20 | E32: 123 | F32: 251 | G32: =B32&"|"&C32&"|"&D32&"|"&E32&"|"&F32 -> Brazil|28.8|20|123|251 | H32: =IF(COUNTIF($G$32:G32,G32)>1,"DOUBLON","OK") -> OK | R32: Belgium | S32: Scotland | T32: =IF(COUNTIF(R$13:R$250,S32)=1,"OK","ERREUR") -> ERREUR | U32: =IF(OR(S32="Scotland",S32="England",S32="Wales",S32="Yugoslavia",S32="Czechoslovakia",S32="Northern Ireland",S32="Soviet Union",S32="Zaire",S32="Dutch East Indies"),"AUCUNE",IF(OR(S32="Cape Verde",S32="USA",S32="DR Congo",S32="Republic of Korea",S32="Germany FR",S32="Germany DR",S32="Czechia",S32="Ivory Coast",S32="Korea DPR",S32="China PR",S32="IR Iran",S32="Türkiye",S32="Congo DR",S32="German DR",ISNUMBER(SEARCH("rn"">United Arab Emirates",S32)),ISNUMBER(SEARCH("rn"">Republic of Ireland",S32)),ISNUMBER(SEARCH("rn"">Bosnia and Herzegovina",S32)),ISNUMBER(SEARCH("rn"">Trinidad and Tobago",S32)),ISNUMBER(SEARCH("rn"">Serbia and Montenegro",S32)),ISNUMBER(SEARCH(_xlfn.UNICHAR(65533),S32))),"RENOMMER","-")) -> AUCUNE | V32: {=_xlfn.IFS( ISNUMBER(SEARCH("USA",S32)),"United States", ISNUMBER(SEARCH("Republic of Korea",S32)),"South Korea", ISNUMBER(SEARCH("Cape Verde",S32)),"Cabo Verde", ISNUMBER(SEARCH("Czechia",S32)),"Czech Republic", ISNUMBER(SEARCH("Türkiye",S32)),"Turkey", ISNUMBER(SEARCH("Ivory Coast",S32)),"Côte d'Ivoire", ISNUMBER(SEARCH("Korea Republic",S32)),"South Korea", ISNUMBER(SEARCH("Germany FR",S32)),"FR Germany", ISNUMBER(SEARCH("Germany DR",S32)),"DR Germany", ISNUMBER(SEARCH("Korea DPR",S32)),"North Korea", ISNUMBER(SEARCH("China PR",S32)),"China", ISNUMBER(SEARCH("IR Iran",S32)),"Iran", ISNUMBER(SEARCH("Congo DR",S32)),"Democratic Republic of the Congo", ISNUMBER(SEARCH("DR Congo",S32)),"Democratic Republic of the Congo", ISNUMBER(SEARCH("German DR",S32)),"DR Germany", ISNUMBER(SEARCH("rn"">United Arab Emirates",S32)),"United Arab Emirates", ISNUMBER(SEARCH("rn"">Republic of Ireland",S32)),"Ireland", ISNUMBER(SEARCH("rn"">Bosnia and Herzegovina",S32)),"Bosnia and Herzegovina", ISNUMBER(SEARCH("rn"">Trinidad and Tobago",S32)),"Trinidad and Tobago", ISNUMBER(SEARCH("rn"">Serbia and Montenegro",S32)),"Serbia and Montenegro", ISNUMBER(SEARCH("te d'Ivoire",S32)),"Côte d'Ivoire", TRUE,"" )} | W32: =IF(V32="",S32,V32) -> Scotland | X32: Cuba | Z32: Maracan� - Est�dio Jornalista M�rio Filho | AA32: Maracanã - Estádio Jornalista Mário Filho | AB32: Norrk�Ping | AC32: Norrköping | AF32: 26.9 | AS32: Preliminary round | AT32: GROUP_STAGE | AU32: 6 | AV32: QUARTER_FINALS | AW32: GROUP_STAGE | AY32: {=INDEX(_xlfn.UNIQUE(DATA_CLEANED!AF23:'DATA_CLEANED'!AF1080),INT((ROWS(AY$12:AY32)-1)/3)+1)} -> 1966 | AZ32: FINAL | BA32: {=INDEX($BA$12:$BA$14,MOD(ROWS($BA$15:BA32)-1,3)+1)} -> 1 | BB32: =COUNTIFS(DATA_CLEANED!AH$3:AH$1060,AZ32,DATA_CLEANED!AF$3:AF$1060,AY32) -> 1 | BC32: =IF(BA32>BB32,"Donnée manquante",IF(BA32<BB32,"A VERIFIER","OK")) -> OK | BE32: =IF(OR(DATA_CLEANED!AL23="",DATA_CLEANED!AM23=""),"MANQUANT",IF(OR(NOT(ISNUMBER(DATA_CLEANED!AL23)),NOT(ISNUMBER(DATA_CLEANED!AM23))),"ENTREE INVALIDE",IF(OR(DATA_CLEANED!AL23<0,DATA_CLEANED!AM23<0),"SCORE NEGATIF","OK"))) -> OK | BF32: =IF(DATA_CLEANED!AK23<>DATA_CLEANED!AN23,"OK","ERREUR") -> OK | BG32: =IF(DATA_CLEANED!AL23>DATA_CLEANED!AM23,DATA_CLEANED!AK23,IF(AND(DATA_QUALITE!W4509="-",DATA_CLEANED!AM23=DATA_CLEANED!AL23),"MATCH NUL",IF(AND(DATA_QUALITE!V4509="-",DATA_QUALITE!U4509="AUCUNE"),DATA_QUALITE!T4509,IF(DATA_QUALITE!V4509<>"-",DATA_QUALITE!V4509,DATA_CLEANED!AN23)))) -> Switzerland | BH32: =IF(AND(BG32="MATCH NUL",DATA_CLEANED!AO23="-"),"MATCH_NUL",IF(ISNUMBER(SEARCH("win on penalties",W4509)),"WIN_BY_PENALTY",IF(ISNUMBER(SEARCH("win after extra time",W4509)),"WIN_BY_EXTRA_TIME",IF(ISNUMBER(SEARCH("Golden Goal",W4509)),"WIN_BY_GOLDEN_GOAL","WIN_BY_SCORE")))) -> WIN_BY_SCORE | BI32: =IF(OR(BG32=DATA_CLEANED!AK23,BG32=DATA_CLEANED!AN23,BG32="MATCH NUL"),"OK","ERREUR") -> OK | BK32: 2018 | BL32: 64 | BM32: 64 | BN32: =IF(BL32=BM32,"OK","MATCH_MANQUANTS") -> OK
B33: Argentina | C33: 28.7 | D33: 19 | E33: 98 | F33: 168 | G33: =B33&"|"&C33&"|"&D33&"|"&E33&"|"&F33 -> Argentina|28.7|19|98|168 | H33: =IF(COUNTIF($G$32:G33,G33)>1,"DOUBLON","OK") -> OK | R33: Belize | S33: Senegal | T33: =IF(COUNTIF(R$13:R$250,S33)=1,"OK","ERREUR") -> OK | U33: =IF(OR(S33="Scotland",S33="England",S33="Wales",S33="Yugoslavia",S33="Czechoslovakia",S33="Northern Ireland",S33="Soviet Union",S33="Zaire",S33="Dutch East Indies"),"AUCUNE",IF(OR(S33="Cape Verde",S33="USA",S33="DR Congo",S33="Republic of Korea",S33="Germany FR",S33="Germany DR",S33="Czechia",S33="Ivory Coast",S33="Korea DPR",S33="China PR",S33="IR Iran",S33="Türkiye",S33="Congo DR",S33="German DR",ISNUMBER(SEARCH("rn"">United Arab Emirates",S33)),ISNUMBER(SEARCH("rn"">Republic of Ireland",S33)),ISNUMBER(SEARCH("rn"">Bosnia and Herzegovina",S33)),ISNUMBER(SEARCH("rn"">Trinidad and Tobago",S33)),ISNUMBER(SEARCH("rn"">Serbia and Montenegro",S33)),ISNUMBER(SEARCH(_xlfn.UNICHAR(65533),S33))),"RENOMMER","-")) -> - | V33: {=_xlfn.IFS( ISNUMBER(SEARCH("USA",S33)),"United States", ISNUMBER(SEARCH("Republic of Korea",S33)),"South Korea", ISNUMBER(SEARCH("Cape Verde",S33)),"Cabo Verde", ISNUMBER(SEARCH("Czechia",S33)),"Czech Republic", ISNUMBER(SEARCH("Türkiye",S33)),"Turkey", ISNUMBER(SEARCH("Ivory Coast",S33)),"Côte d'Ivoire", ISNUMBER(SEARCH("Korea Republic",S33)),"South Korea", ISNUMBER(SEARCH("Germany FR",S33)),"FR Germany", ISNUMBER(SEARCH("Germany DR",S33)),"DR Germany", ISNUMBER(SEARCH("Korea DPR",S33)),"North Korea", ISNUMBER(SEARCH("China PR",S33)),"China", ISNUMBER(SEARCH("IR Iran",S33)),"Iran", ISNUMBER(SEARCH("Congo DR",S33)),"Democratic Republic of the Congo", ISNUMBER(SEARCH("DR Congo",S33)),"Democratic Republic of the Congo", ISNUMBER(SEARCH("German DR",S33)),"DR Germany", ISNUMBER(SEARCH("rn"">United Arab Emirates",S33)),"United Arab Emirates", ISNUMBER(SEARCH("rn"">Republic of Ireland",S33)),"Ireland", ISNUMBER(SEARCH("rn"">Bosnia and Herzegovina",S33)),"Bosnia and Herzegovina", ISNUMBER(SEARCH("rn"">Trinidad and Tobago",S33)),"Trinidad and Tobago", ISNUMBER(SEARCH("rn"">Serbia and Montenegro",S33)),"Serbia and Montenegro", ISNUMBER(SEARCH("te d'Ivoire",S33)),"Côte d'Ivoire", TRUE,"" )} | W33: =IF(V33="",S33,V33) -> Senegal | X33: Curaçao | Z33: Nou Camp - Estadio Le�n | AA33: Nou Camp - Estadio León | AB33: D�Sseldorf | AC33: Düsseldorf | AF33: 26.1 | AS33: Quarter-finals | AT33: QUARTER_FINALS | AU33: 3 | AV33: QUARTER_FINALS | AW33: GROUP_STAGE | AY33: {=INDEX(_xlfn.UNIQUE(DATA_CLEANED!AF24:'DATA_CLEANED'!AF1081),INT((ROWS(AY$12:AY33)-1)/3)+1)} -> 1970 | AZ33: QUARTER_FINALS | BA33: 4 | BB33: =COUNTIFS(DATA_CLEANED!AH$3:AH$1060,AZ33,DATA_CLEANED!AF$3:AF$1060,AY33) -> 4 | BC33: =IF(BA33>BB33,"Donnée manquante",IF(BA33<BB33,"A VERIFIER","OK")) -> OK | BE33: =IF(OR(DATA_CLEANED!AL24="",DATA_CLEANED!AM24=""),"MANQUANT",IF(OR(NOT(ISNUMBER(DATA_CLEANED!AL24)),NOT(ISNUMBER(DATA_CLEANED!AM24))),"ENTREE INVALIDE",IF(OR(DATA_CLEANED!AL24<0,DATA_CLEANED!AM24<0),"SCORE NEGATIF","OK"))) -> OK | BF33: =IF(DATA_CLEANED!AK24<>DATA_CLEANED!AN24,"OK","ERREUR") -> OK | BG33: =IF(DATA_CLEANED!AL24>DATA_CLEANED!AM24,DATA_CLEANED!AK24,IF(AND(DATA_QUALITE!W4510="-",DATA_CLEANED!AM24=DATA_CLEANED!AL24),"MATCH NUL",IF(AND(DATA_QUALITE!V4510="-",DATA_QUALITE!U4510="AUCUNE"),DATA_QUALITE!T4510,IF(DATA_QUALITE!V4510<>"-",DATA_QUALITE!V4510,DATA_CLEANED!AN24)))) -> Sweden | BH33: =IF(AND(BG33="MATCH NUL",DATA_CLEANED!AO24="-"),"MATCH_NUL",IF(ISNUMBER(SEARCH("win on penalties",W4510)),"WIN_BY_PENALTY",IF(ISNUMBER(SEARCH("win after extra time",W4510)),"WIN_BY_EXTRA_TIME",IF(ISNUMBER(SEARCH("Golden Goal",W4510)),"WIN_BY_GOLDEN_GOAL","WIN_BY_SCORE")))) -> WIN_BY_SCORE | BI33: =IF(OR(BG33=DATA_CLEANED!AK24,BG33=DATA_CLEANED!AN24,BG33="MATCH NUL"),"OK","ERREUR") -> OK | BK33: 2022 | BL33: 64 | BM33: 64 | BN33: =IF(BL33=BM33,"OK","MATCH_MANQUANTS") -> OK
B34: France | C34: 26.6 | D34: 18 | E34: 82 | F34: 155 | G34: =B34&"|"&C34&"|"&D34&"|"&E34&"|"&F34 -> France|26.6|18|82|155 | H34: =IF(COUNTIF($G$32:G34,G34)>1,"DOUBLON","OK") -> OK | R34: Benin | S34: Turkey | T34: =IF(COUNTIF(R$13:R$250,S34)=1,"OK","ERREUR") -> OK | U34: =IF(OR(S34="Scotland",S34="England",S34="Wales",S34="Yugoslavia",S34="Czechoslovakia",S34="Northern Ireland",S34="Soviet Union",S34="Zaire",S34="Dutch East Indies"),"AUCUNE",IF(OR(S34="Cape Verde",S34="USA",S34="DR Congo",S34="Republic of Korea",S34="Germany FR",S34="Germany DR",S34="Czechia",S34="Ivory Coast",S34="Korea DPR",S34="China PR",S34="IR Iran",S34="Türkiye",S34="Congo DR",S34="German DR",ISNUMBER(SEARCH("rn"">United Arab Emirates",S34)),ISNUMBER(SEARCH("rn"">Republic of Ireland",S34)),ISNUMBER(SEARCH("rn"">Bosnia and Herzegovina",S34)),ISNUMBER(SEARCH("rn"">Trinidad and Tobago",S34)),ISNUMBER(SEARCH("rn"">Serbia and Montenegro",S34)),ISNUMBER(SEARCH(_xlfn.UNICHAR(65533),S34))),"RENOMMER","-")) -> - | V34: {=_xlfn.IFS( ISNUMBER(SEARCH("USA",S34)),"United States", ISNUMBER(SEARCH("Republic of Korea",S34)),"South Korea", ISNUMBER(SEARCH("Cape Verde",S34)),"Cabo Verde", ISNUMBER(SEARCH("Czechia",S34)),"Czech Republic", ISNUMBER(SEARCH("Türkiye",S34)),"Turkey", ISNUMBER(SEARCH("Ivory Coast",S34)),"Côte d'Ivoire", ISNUMBER(SEARCH("Korea Republic",S34)),"South Korea", ISNUMBER(SEARCH("Germany FR",S34)),"FR Germany", ISNUMBER(SEARCH("Germany DR",S34)),"DR Germany", ISNUMBER(SEARCH("Korea DPR",S34)),"North Korea", ISNUMBER(SEARCH("China PR",S34)),"China", ISNUMBER(SEARCH("IR Iran",S34)),"Iran", ISNUMBER(SEARCH("Congo DR",S34)),"Democratic Republic of the Congo", ISNUMBER(SEARCH("DR Congo",S34)),"Democratic Republic of the Congo", ISNUMBER(SEARCH("German DR",S34)),"DR Germany", ISNUMBER(SEARCH("rn"">United Arab Emirates",S34)),"United Arab Emirates", ISNUMBER(SEARCH("rn"">Republic of Ireland",S34)),"Ireland", ISNUMBER(SEARCH("rn"">Bosnia and Herzegovina",S34)),"Bosnia and Herzegovina", ISNUMBER(SEARCH("rn"">Trinidad and Tobago",S34)),"Trinidad and Tobago", ISNUMBER(SEARCH("rn"">Serbia and Montenegro",S34)),"Serbia and Montenegro", ISNUMBER(SEARCH("te d'Ivoire",S34)),"Côte d'Ivoire", TRUE,"" )} | W34: =IF(V34="",S34,V34) -> Turkey | X34: Czech Republic | Z34: Estadio Jos� Mar�a Minella | AA34: Estadio José María Minella | AB34: La Coru�A | AC34: La Coruña | AF34: 28.7 | AS34: Round of 16 | AT34: ROUND_OF_16 | AU34: 4 | AV34: QUARTER_FINALS | AW34: GROUP_STAGE | AY34: {=INDEX(_xlfn.UNIQUE(DATA_CLEANED!AF25:'DATA_CLEANED'!AF1082),INT((ROWS(AY$12:AY34)-1)/3)+1)} -> 1970 | AZ34: SEMI_FINALS | BA34: {=INDEX($BA$12:$BA$14,MOD(ROWS($BA$15:BA34)-1,3)+1)} -> 2 | BB34: =COUNTIFS(DATA_CLEANED!AH$3:AH$1060,AZ34,DATA_CLEANED!AF$3:AF$1060,AY34) -> 2 | BC34: =IF(BA34>BB34,"Donnée manquante",IF(BA34<BB34,"A VERIFIER","OK")) -> OK | BE34: =IF(OR(DATA_CLEANED!AL25="",DATA_CLEANED!AM25=""),"MANQUANT",IF(OR(NOT(ISNUMBER(DATA_CLEANED!AL25)),NOT(ISNUMBER(DATA_CLEANED!AM25))),"ENTREE INVALIDE",IF(OR(DATA_CLEANED!AL25<0,DATA_CLEANED!AM25<0),"SCORE NEGATIF","OK"))) -> OK | BF34: =IF(DATA_CLEANED!AK25<>DATA_CLEANED!AN25,"OK","ERREUR") -> OK | BG34: =IF(DATA_CLEANED!AL25>DATA_CLEANED!AM25,DATA_CLEANED!AK25,IF(AND(DATA_QUALITE!W4511="-",DATA_CLEANED!AM25=DATA_CLEANED!AL25),"MATCH NUL",IF(AND(DATA_QUALITE!V4511="-",DATA_QUALITE!U4511="AUCUNE"),DATA_QUALITE!T4511,IF(DATA_QUALITE!V4511<>"-",DATA_QUALITE!V4511,DATA_CLEANED!AN25)))) -> Germany | BH34: =IF(AND(BG34="MATCH NUL",DATA_CLEANED!AO25="-"),"MATCH_NUL",IF(ISNUMBER(SEARCH("win on penalties",W4511)),"WIN_BY_PENALTY",IF(ISNUMBER(SEARCH("win after extra time",W4511)),"WIN_BY_EXTRA_TIME",IF(ISNUMBER(SEARCH("Golden Goal",W4511)),"WIN_BY_GOLDEN_GOAL","WIN_BY_SCORE")))) -> WIN_BY_SCORE | BI34: =IF(OR(BG34=DATA_CLEANED!AK25,BG34=DATA_CLEANED!AN25,BG34="MATCH NUL"),"OK","ERREUR") -> OK | BK34: 2026 | BL34: 104 | BM34: 94 | BN34: =IF(BL34=BM34,"OK",BL34-BM34&" matchs manquants") -> 10 matchs manquants
B35: England | C35: 26.7 | D35: 16 | E35: 81 | F35: 124 | G35: =B35&"|"&C35&"|"&D35&"|"&E35&"|"&F35 -> England|26.7|16|81|124 | H35: =IF(COUNTIF($G$32:G35,G35)>1,"DOUBLON","OK") -> OK | R35: Bermuda | S35: Australia | T35: =IF(COUNTIF(R$13:R$250,S35)=1,"OK","ERREUR") -> OK | U35: =IF(OR(S35="Scotland",S35="England",S35="Wales",S35="Yugoslavia",S35="Czechoslovakia",S35="Northern Ireland",S35="Soviet Union",S35="Zaire",S35="Dutch East Indies"),"AUCUNE",IF(OR(S35="Cape Verde",S35="USA",S35="DR Congo",S35="Republic of Korea",S35="Germany FR",S35="Germany DR",S35="Czechia",S35="Ivory Coast",S35="Korea DPR",S35="China PR",S35="IR Iran",S35="Türkiye",S35="Congo DR",S35="German DR",ISNUMBER(SEARCH("rn"">United Arab Emirates",S35)),ISNUMBER(SEARCH("rn"">Republic of Ireland",S35)),ISNUMBER(SEARCH("rn"">Bosnia and Herzegovina",S35)),ISNUMBER(SEARCH("rn"">Trinidad and Tobago",S35)),ISNUMBER(SEARCH("rn"">Serbia and Montenegro",S35)),ISNUMBER(SEARCH(_xlfn.UNICHAR(65533),S35))),"RENOMMER","-")) -> - | V35: {=_xlfn.IFS( ISNUMBER(SEARCH("USA",S35)),"United States", ISNUMBER(SEARCH("Republic of Korea",S35)),"South Korea", ISNUMBER(SEARCH("Cape Verde",S35)),"Cabo Verde", ISNUMBER(SEARCH("Czechia",S35)),"Czech Republic", ISNUMBER(SEARCH("Türkiye",S35)),"Turkey", ISNUMBER(SEARCH("Ivory Coast",S35)),"Côte d'Ivoire", ISNUMBER(SEARCH("Korea Republic",S35)),"South Korea", ISNUMBER(SEARCH("Germany FR",S35)),"FR Germany", ISNUMBER(SEARCH("Germany DR",S35)),"DR Germany", ISNUMBER(SEARCH("Korea DPR",S35)),"North Korea", ISNUMBER(SEARCH("China PR",S35)),"China", ISNUMBER(SEARCH("IR Iran",S35)),"Iran", ISNUMBER(SEARCH("Congo DR",S35)),"Democratic Republic of the Congo", ISNUMBER(SEARCH("DR Congo",S35)),"Democratic Republic of the Congo", ISNUMBER(SEARCH("German DR",S35)),"DR Germany", ISNUMBER(SEARCH("rn"">United Arab Emirates",S35)),"United Arab Emirates", ISNUMBER(SEARCH("rn"">Republic of Ireland",S35)),"Ireland", ISNUMBER(SEARCH("rn"">Bosnia and Herzegovina",S35)),"Bosnia and Herzegovina", ISNUMBER(SEARCH("rn"">Trinidad and Tobago",S35)),"Trinidad and Tobago", ISNUMBER(SEARCH("rn"">Serbia and Montenegro",S35)),"Serbia and Montenegro", ISNUMBER(SEARCH("te d'Ivoire",S35)),"Côte d'Ivoire", TRUE,"" )} | W35: =IF(V35="",S35,V35) -> Australia | X35: Czechoslovakia | Z35: Estadio Ol�mpico Chateau Carreras | AA35: Estadio Olímpico Chateau Carreras | AF35: 26.6 | AS35: Round of 32 | AT35: ROUND_OF_32 | AU35: 5 | AV35: QUARTER_FINALS | AW35: GROUP_STAGE | AY35: {=INDEX(_xlfn.UNIQUE(DATA_CLEANED!AF26:'DATA_CLEANED'!AF1083),INT((ROWS(AY$12:AY35)-1)/3)+1)} -> 1970 | AZ35: FINAL | BA35: {=INDEX($BA$12:$BA$14,MOD(ROWS($BA$15:BA35)-1,3)+1)} -> 1 | BB35: =COUNTIFS(DATA_CLEANED!AH$3:AH$1060,AZ35,DATA_CLEANED!AF$3:AF$1060,AY35) -> 1 | BC35: =IF(BA35>BB35,"Donnée manquante",IF(BA35<BB35,"A VERIFIER","OK")) -> OK | BE35: =IF(OR(DATA_CLEANED!AL26="",DATA_CLEANED!AM26=""),"MANQUANT",IF(OR(NOT(ISNUMBER(DATA_CLEANED!AL26)),NOT(ISNUMBER(DATA_CLEANED!AM26))),"ENTREE INVALIDE",IF(OR(DATA_CLEANED!AL26<0,DATA_CLEANED!AM26<0),"SCORE NEGATIF","OK"))) -> OK | BF35: =IF(DATA_CLEANED!AK26<>DATA_CLEANED!AN26,"OK","ERREUR") -> OK | BG35: =IF(DATA_CLEANED!AL26>DATA_CLEANED!AM26,DATA_CLEANED!AK26,IF(AND(DATA_QUALITE!W4512="-",DATA_CLEANED!AM26=DATA_CLEANED!AL26),"MATCH NUL",IF(AND(DATA_QUALITE!V4512="-",DATA_QUALITE!U4512="AUCUNE"),DATA_QUALITE!T4512,IF(DATA_QUALITE!V4512<>"-",DATA_QUALITE!V4512,DATA_CLEANED!AN26)))) -> Spain | BH35: =IF(AND(BG35="MATCH NUL",DATA_CLEANED!AO26="-"),"MATCH_NUL",IF(ISNUMBER(SEARCH("win on penalties",W4512)),"WIN_BY_PENALTY",IF(ISNUMBER(SEARCH("win after extra time",W4512)),"WIN_BY_EXTRA_TIME",IF(ISNUMBER(SEARCH("Golden Goal",W4512)),"WIN_BY_GOLDEN_GOAL","WIN_BY_SCORE")))) -> WIN_BY_SCORE | BI35: =IF(OR(BG35=DATA_CLEANED!AK26,BG35=DATA_CLEANED!AN26,BG35="MATCH NUL"),"OK","ERREUR") -> OK
B36: Germany | C36: 27.6 | D36: 13 | E36: 58 | F36: 123 | G36: =B36&"|"&C36&"|"&D36&"|"&E36&"|"&F36 -> Germany|27.6|13|58|123 | H36: =IF(COUNTIF($G$32:G36,G36)>1,"DOUBLON","OK") -> OK | R36: Bhutan | S36: Ghana | T36: =IF(COUNTIF(R$13:R$250,S36)=1,"OK","ERREUR") -> OK | U36: =IF(OR(S36="Scotland",S36="England",S36="Wales",S36="Yugoslavia",S36="Czechoslovakia",S36="Northern Ireland",S36="Soviet Union",S36="Zaire",S36="Dutch East Indies"),"AUCUNE",IF(OR(S36="Cape Verde",S36="USA",S36="DR Congo",S36="Republic of Korea",S36="Germany FR",S36="Germany DR",S36="Czechia",S36="Ivory Coast",S36="Korea DPR",S36="China PR",S36="IR Iran",S36="Türkiye",S36="Congo DR",S36="German DR",ISNUMBER(SEARCH("rn"">United Arab Emirates",S36)),ISNUMBER(SEARCH("rn"">Republic of Ireland",S36)),ISNUMBER(SEARCH("rn"">Bosnia and Herzegovina",S36)),ISNUMBER(SEARCH("rn"">Trinidad and Tobago",S36)),ISNUMBER(SEARCH("rn"">Serbia and Montenegro",S36)),ISNUMBER(SEARCH(_xlfn.UNICHAR(65533),S36))),"RENOMMER","-")) -> - | V36: {=_xlfn.IFS( ISNUMBER(SEARCH("USA",S36)),"United States", ISNUMBER(SEARCH("Republic of Korea",S36)),"South Korea", ISNUMBER(SEARCH("Cape Verde",S36)),"Cabo Verde", ISNUMBER(SEARCH("Czechia",S36)),"Czech Republic", ISNUMBER(SEARCH("Türkiye",S36)),"Turkey", ISNUMBER(SEARCH("Ivory Coast",S36)),"Côte d'Ivoire", ISNUMBER(SEARCH("Korea Republic",S36)),"South Korea", ISNUMBER(SEARCH("Germany FR",S36)),"FR Germany", ISNUMBER(SEARCH("Germany DR",S36)),"DR Germany", ISNUMBER(SEARCH("Korea DPR",S36)),"North Korea", ISNUMBER(SEARCH("China PR",S36)),"China", ISNUMBER(SEARCH("IR Iran",S36)),"Iran", ISNUMBER(SEARCH("Congo DR",S36)),"Democratic Republic of the Congo", ISNUMBER(SEARCH("DR Congo",S36)),"Democratic Republic of the Congo", ISNUMBER(SEARCH("German DR",S36)),"DR Germany", ISNUMBER(SEARCH("rn"">United Arab Emirates",S36)),"United Arab Emirates", ISNUMBER(SEARCH("rn"">Republic of Ireland",S36)),"Ireland", ISNUMBER(SEARCH("rn"">Bosnia and Herzegovina",S36)),"Bosnia and Herzegovina", ISNUMBER(SEARCH("rn"">Trinidad and Tobago",S36)),"Trinidad and Tobago", ISNUMBER(SEARCH("rn"">Serbia and Montenegro",S36)),"Serbia and Montenegro", ISNUMBER(SEARCH("te d'Ivoire",S36)),"Côte d'Ivoire", TRUE,"" )} | W36: =IF(V36="",S36,V36) -> Ghana | X36: Democratic Republic of the Congo | Z36: Estadio Municipal de Bala�dos | AA36: Estadio Municipal de Balaídos | AF36: 27.2 | AS36: Semi-finals | AT36: SEMI_FINALS | AU36: 2 | AV36: QUARTER_FINALS | AW36: GROUP_STAGE | AY36: {=INDEX(_xlfn.UNIQUE(DATA_CLEANED!AF27:'DATA_CLEANED'!AF1084),INT((ROWS(AY$12:AY36)-1)/3)+1)} -> 1974 | AZ36: QUARTER_FINALS | BA36: 0 | BB36: =COUNTIFS(DATA_CLEANED!AH$3:AH$1060,AZ36,DATA_CLEANED!AF$3:AF$1060,AY36) -> 0 | BC36: =IF(BA36>BB36,"Donnée manquante",IF(BA36<BB36,"A VERIFIER","OK")) -> OK | BE36: =IF(OR(DATA_CLEANED!AL27="",DATA_CLEANED!AM27=""),"MANQUANT",IF(OR(NOT(ISNUMBER(DATA_CLEANED!AL27)),NOT(ISNUMBER(DATA_CLEANED!AM27))),"ENTREE INVALIDE",IF(OR(DATA_CLEANED!AL27<0,DATA_CLEANED!AM27<0),"SCORE NEGATIF","OK"))) -> OK | BF36: =IF(DATA_CLEANED!AK27<>DATA_CLEANED!AN27,"OK","ERREUR") -> OK | BG36: =IF(DATA_CLEANED!AL27>DATA_CLEANED!AM27,DATA_CLEANED!AK27,IF(AND(DATA_QUALITE!W4513="-",DATA_CLEANED!AM27=DATA_CLEANED!AL27),"MATCH NUL",IF(AND(DATA_QUALITE!V4513="-",DATA_QUALITE!U4513="AUCUNE"),DATA_QUALITE!T4513,IF(DATA_QUALITE!V4513<>"-",DATA_QUALITE!V4513,DATA_CLEANED!AN27)))) -> Italy | BH36: =IF(AND(BG36="MATCH NUL",DATA_CLEANED!AO27="-"),"MATCH_NUL",IF(ISNUMBER(SEARCH("win on penalties",W4513)),"WIN_BY_PENALTY",IF(ISNUMBER(SEARCH("win after extra time",W4513)),"WIN_BY_EXTRA_TIME",IF(ISNUMBER(SEARCH("Golden Goal",W4513)),"WIN_BY_GOLDEN_GOAL","WIN_BY_SCORE")))) -> WIN_BY_SCORE | BI36: =IF(OR(BG36=DATA_CLEANED!AK27,BG36=DATA_CLEANED!AN27,BG36="MATCH NUL"),"OK","ERREUR") -> OK
B37: Spain | C37: 26.2 | D37: 13 | E37: 75 | F37: 122 | G37: =B37&"|"&C37&"|"&D37&"|"&E37&"|"&F37 -> Spain|26.2|13|75|122 | H37: =IF(COUNTIF($G$32:G37,G37)>1,"DOUBLON","OK") -> OK | R37: Bolivia | S37: Norway | T37: =IF(COUNTIF(R$13:R$250,S37)=1,"OK","ERREUR") -> OK | U37: =IF(OR(S37="Scotland",S37="England",S37="Wales",S37="Yugoslavia",S37="Czechoslovakia",S37="Northern Ireland",S37="Soviet Union",S37="Zaire",S37="Dutch East Indies"),"AUCUNE",IF(OR(S37="Cape Verde",S37="USA",S37="DR Congo",S37="Republic of Korea",S37="Germany FR",S37="Germany DR",S37="Czechia",S37="Ivory Coast",S37="Korea DPR",S37="China PR",S37="IR Iran",S37="Türkiye",S37="Congo DR",S37="German DR",ISNUMBER(SEARCH("rn"">United Arab Emirates",S37)),ISNUMBER(SEARCH("rn"">Republic of Ireland",S37)),ISNUMBER(SEARCH("rn"">Bosnia and Herzegovina",S37)),ISNUMBER(SEARCH("rn"">Trinidad and Tobago",S37)),ISNUMBER(SEARCH("rn"">Serbia and Montenegro",S37)),ISNUMBER(SEARCH(_xlfn.UNICHAR(65533),S37))),"RENOMMER","-")) -> - | V37: {=_xlfn.IFS( ISNUMBER(SEARCH("USA",S37)),"United States", ISNUMBER(SEARCH("Republic of Korea",S37)),"South Korea", ISNUMBER(SEARCH("Cape Verde",S37)),"Cabo Verde", ISNUMBER(SEARCH("Czechia",S37)),"Czech Republic", ISNUMBER(SEARCH("Türkiye",S37)),"Turkey", ISNUMBER(SEARCH("Ivory Coast",S37)),"Côte d'Ivoire", ISNUMBER(SEARCH("Korea Republic",S37)),"South Korea", ISNUMBER(SEARCH("Germany FR",S37)),"FR Germany", ISNUMBER(SEARCH("Germany DR",S37)),"DR Germany", ISNUMBER(SEARCH("Korea DPR",S37)),"North Korea", ISNUMBER(SEARCH("China PR",S37)),"China", ISNUMBER(SEARCH("IR Iran",S37)),"Iran", ISNUMBER(SEARCH("Congo DR",S37)),"Democratic Republic of the Congo", ISNUMBER(SEARCH("DR Congo",S37)),"Democratic Republic of the Congo", ISNUMBER(SEARCH("German DR",S37)),"DR Germany", ISNUMBER(SEARCH("rn"">United Arab Emirates",S37)),"United Arab Emirates", ISNUMBER(SEARCH("rn"">Republic of Ireland",S37)),"Ireland", ISNUMBER(SEARCH("rn"">Bosnia and Herzegovina",S37)),"Bosnia and Herzegovina", ISNUMBER(SEARCH("rn"">Trinidad and Tobago",S37)),"Trinidad and Tobago", ISNUMBER(SEARCH("rn"">Serbia and Montenegro",S37)),"Serbia and Montenegro", ISNUMBER(SEARCH("te d'Ivoire",S37)),"Côte d'Ivoire", TRUE,"" )} | W37: =IF(V37="",S37,V37) -> Norway | X37: Denmark | Z37: Estadio Ol�mpico Universitario | AA37: Estadio Olímpico Universitario | AF37: 26.9 | AS37: Third place | AT37: THIRD_PLACE | AU37: 2 | AV37: QUARTER_FINALS | AW37: GROUP_STAGE | AY37: {=INDEX(_xlfn.UNIQUE(DATA_CLEANED!AF28:'DATA_CLEANED'!AF1085),INT((ROWS(AY$12:AY37)-1)/3)+1)} -> 1974 | AZ37: SEMI_FINALS | BA37: 0 | BB37: =COUNTIFS(DATA_CLEANED!AH$3:AH$1060,AZ37,DATA_CLEANED!AF$3:AF$1060,AY37) -> 0 | BC37: =IF(BA37>BB37,"Donnée manquante",IF(BA37<BB37,"A VERIFIER","OK")) -> OK | BE37: =IF(OR(DATA_CLEANED!AL28="",DATA_CLEANED!AM28=""),"MANQUANT",IF(OR(NOT(ISNUMBER(DATA_CLEANED!AL28)),NOT(ISNUMBER(DATA_CLEANED!AM28))),"ENTREE INVALIDE",IF(OR(DATA_CLEANED!AL28<0,DATA_CLEANED!AM28<0),"SCORE NEGATIF","OK"))) -> OK | BF37: =IF(DATA_CLEANED!AK28<>DATA_CLEANED!AN28,"OK","ERREUR") -> OK | BG37: =IF(DATA_CLEANED!AL28>DATA_CLEANED!AM28,DATA_CLEANED!AK28,IF(AND(DATA_QUALITE!W4514="-",DATA_CLEANED!AM28=DATA_CLEANED!AL28),"MATCH NUL",IF(AND(DATA_QUALITE!V4514="-",DATA_QUALITE!U4514="AUCUNE"),DATA_QUALITE!T4514,IF(DATA_QUALITE!V4514<>"-",DATA_QUALITE!V4514,DATA_CLEANED!AN28)))) -> Czechoslovakia | BH37: =IF(AND(BG37="MATCH NUL",DATA_CLEANED!AO28="-"),"MATCH_NUL",IF(ISNUMBER(SEARCH("win on penalties",W4514)),"WIN_BY_PENALTY",IF(ISNUMBER(SEARCH("win after extra time",W4514)),"WIN_BY_EXTRA_TIME",IF(ISNUMBER(SEARCH("Golden Goal",W4514)),"WIN_BY_GOLDEN_GOAL","WIN_BY_SCORE")))) -> WIN_BY_SCORE | BI37: =IF(OR(BG37=DATA_CLEANED!AK28,BG37=DATA_CLEANED!AN28,BG37="MATCH NUL"),"OK","ERREUR") -> OK
B38: Netherlands | C38: 27.3 | D38: 19 | E38: 63 | F38: 112 | G38: =B38&"|"&C38&"|"&D38&"|"&E38&"|"&F38 -> Netherlands|27.3|19|63|112 | H38: =IF(COUNTIF($G$32:G38,G38)>1,"DOUBLON","OK") -> OK | R38: Bosnia and Herzegovina | S38: Ecuador | T38: =IF(COUNTIF(R$13:R$250,S38)=1,"OK","ERREUR") -> OK | U38: =IF(OR(S38="Scotland",S38="England",S38="Wales",S38="Yugoslavia",S38="Czechoslovakia",S38="Northern Ireland",S38="Soviet Union",S38="Zaire",S38="Dutch East Indies"),"AUCUNE",IF(OR(S38="Cape Verde",S38="USA",S38="DR Congo",S38="Republic of Korea",S38="Germany FR",S38="Germany DR",S38="Czechia",S38="Ivory Coast",S38="Korea DPR",S38="China PR",S38="IR Iran",S38="Türkiye",S38="Congo DR",S38="German DR",ISNUMBER(SEARCH("rn"">United Arab Emirates",S38)),ISNUMBER(SEARCH("rn"">Republic of Ireland",S38)),ISNUMBER(SEARCH("rn"">Bosnia and Herzegovina",S38)),ISNUMBER(SEARCH("rn"">Trinidad and Tobago",S38)),ISNUMBER(SEARCH("rn"">Serbia and Montenegro",S38)),ISNUMBER(SEARCH(_xlfn.UNICHAR(65533),S38))),"RENOMMER","-")) -> - | V38: {=_xlfn.IFS( ISNUMBER(SEARCH("USA",S38)),"United States", ISNUMBER(SEARCH("Republic of Korea",S38)),"South Korea", ISNUMBER(SEARCH("Cape Verde",S38)),"Cabo Verde", ISNUMBER(SEARCH("Czechia",S38)),"Czech Republic", ISNUMBER(SEARCH("Türkiye",S38)),"Turkey", ISNUMBER(SEARCH("Ivory Coast",S38)),"Côte d'Ivoire", ISNUMBER(SEARCH("Korea Republic",S38)),"South Korea", ISNUMBER(SEARCH("Germany FR",S38)),"FR Germany", ISNUMBER(SEARCH("Germany DR",S38)),"DR Germany", ISNUMBER(SEARCH("Korea DPR",S38)),"North Korea", ISNUMBER(SEARCH("China PR",S38)),"China", ISNUMBER(SEARCH("IR Iran",S38)),"Iran", ISNUMBER(SEARCH("Congo DR",S38)),"Democratic Republic of the Congo", ISNUMBER(SEARCH("DR Congo",S38)),"Democratic Republic of the Congo", ISNUMBER(SEARCH("German DR",S38)),"DR Germany", ISNUMBER(SEARCH("rn"">United Arab Emirates",S38)),"United Arab Emirates", ISNUMBER(SEARCH("rn"">Republic of Ireland",S38)),"Ireland", ISNUMBER(SEARCH("rn"">Bosnia and Herzegovina",S38)),"Bosnia and Herzegovina", ISNUMBER(SEARCH("rn"">Trinidad and Tobago",S38)),"Trinidad and Tobago", ISNUMBER(SEARCH("rn"">Serbia and Montenegro",S38)),"Serbia and Montenegro", ISNUMBER(SEARCH("te d'Ivoire",S38)),"Côte d'Ivoire", TRUE,"" )} | W38: =IF(V38="",S38,V38) -> Ecuador | X38: DR Germany | AF38: 26.4 | AS38: third-place match | AT38: THIRD_PLACE | AU38: 2 | AV38: QUARTER_FINALS | AW38: QUARTER_FINALS | AY38: {=INDEX(_xlfn.UNIQUE(DATA_CLEANED!AF29:'DATA_CLEANED'!AF1086),INT((ROWS(AY$12:AY38)-1)/3)+1)} -> 1974 | AZ38: FINAL | BA38: 1 | BB38: =COUNTIFS(DATA_CLEANED!AH$3:AH$1060,AZ38,DATA_CLEANED!AF$3:AF$1060,AY38) -> 1 | BC38: =IF(BA38>BB38,"Donnée manquante",IF(BA38<BB38,"A VERIFIER","OK")) -> OK | BE38: =IF(OR(DATA_CLEANED!AL29="",DATA_CLEANED!AM29=""),"MANQUANT",IF(OR(NOT(ISNUMBER(DATA_CLEANED!AL29)),NOT(ISNUMBER(DATA_CLEANED!AM29))),"ENTREE INVALIDE",IF(OR(DATA_CLEANED!AL29<0,DATA_CLEANED!AM29<0),"SCORE NEGATIF","OK"))) -> OK | BF38: =IF(DATA_CLEANED!AK29<>DATA_CLEANED!AN29,"OK","ERREUR") -> OK | BG38: =IF(DATA_CLEANED!AL29>DATA_CLEANED!AM29,DATA_CLEANED!AK29,IF(AND(DATA_QUALITE!W4515="-",DATA_CLEANED!AM29=DATA_CLEANED!AL29),"MATCH NUL",IF(AND(DATA_QUALITE!V4515="-",DATA_QUALITE!U4515="AUCUNE"),DATA_QUALITE!T4515,IF(DATA_QUALITE!V4515<>"-",DATA_QUALITE!V4515,DATA_CLEANED!AN29)))) -> Czechoslovakia | BH38: =IF(AND(BG38="MATCH NUL",DATA_CLEANED!AO29="-"),"MATCH_NUL",IF(ISNUMBER(SEARCH("win on penalties",W4515)),"WIN_BY_PENALTY",IF(ISNUMBER(SEARCH("win after extra time",W4515)),"WIN_BY_EXTRA_TIME",IF(ISNUMBER(SEARCH("Golden Goal",W4515)),"WIN_BY_GOLDEN_GOAL","WIN_BY_SCORE")))) -> WIN_BY_SCORE | BI38: =IF(OR(BG38=DATA_CLEANED!AK29,BG38=DATA_CLEANED!AN29,BG38="MATCH NUL"),"OK","ERREUR") -> OK
B39: Uruguay | C39: 28.2 | D39: 22 | E39: 63 | F39: 92 | G39: =B39&"|"&C39&"|"&D39&"|"&E39&"|"&F39 -> Uruguay|28.2|22|63|92 | H39: =IF(COUNTIF($G$32:G39,G39)>1,"DOUBLON","OK") -> OK | R39: Botswana | S39: Tunisia | T39: =IF(COUNTIF(R$13:R$250,S39)=1,"OK","ERREUR") -> OK | U39: =IF(OR(S39="Scotland",S39="England",S39="Wales",S39="Yugoslavia",S39="Czechoslovakia",S39="Northern Ireland",S39="Soviet Union",S39="Zaire",S39="Dutch East Indies"),"AUCUNE",IF(OR(S39="Cape Verde",S39="USA",S39="DR Congo",S39="Republic of Korea",S39="Germany FR",S39="Germany DR",S39="Czechia",S39="Ivory Coast",S39="Korea DPR",S39="China PR",S39="IR Iran",S39="Türkiye",S39="Congo DR",S39="German DR",ISNUMBER(SEARCH("rn"">United Arab Emirates",S39)),ISNUMBER(SEARCH("rn"">Republic of Ireland",S39)),ISNUMBER(SEARCH("rn"">Bosnia and Herzegovina",S39)),ISNUMBER(SEARCH("rn"">Trinidad and Tobago",S39)),ISNUMBER(SEARCH("rn"">Serbia and Montenegro",S39)),ISNUMBER(SEARCH(_xlfn.UNICHAR(65533),S39))),"RENOMMER","-")) -> - | V39: {=_xlfn.IFS( ISNUMBER(SEARCH("USA",S39)),"United States", ISNUMBER(SEARCH("Republic of Korea",S39)),"South Korea", ISNUMBER(SEARCH("Cape Verde",S39)),"Cabo Verde", ISNUMBER(SEARCH("Czechia",S39)),"Czech Republic", ISNUMBER(SEARCH("Türkiye",S39)),"Turkey", ISNUMBER(SEARCH("Ivory Coast",S39)),"Côte d'Ivoire", ISNUMBER(SEARCH("Korea Republic",S39)),"South Korea", ISNUMBER(SEARCH("Germany FR",S39)),"FR Germany", ISNUMBER(SEARCH("Germany DR",S39)),"DR Germany", ISNUMBER(SEARCH("Korea DPR",S39)),"North Korea", ISNUMBER(SEARCH("China PR",S39)),"China", ISNUMBER(SEARCH("IR Iran",S39)),"Iran", ISNUMBER(SEARCH("Congo DR",S39)),"Democratic Republic of the Congo", ISNUMBER(SEARCH("DR Congo",S39)),"Democratic Republic of the Congo", ISNUMBER(SEARCH("German DR",S39)),"DR Germany", ISNUMBER(SEARCH("rn"">United Arab Emirates",S39)),"United Arab Emirates", ISNUMBER(SEARCH("rn"">Republic of Ireland",S39)),"Ireland", ISNUMBER(SEARCH("rn"">Bosnia and Herzegovina",S39)),"Bosnia and Herzegovina", ISNUMBER(SEARCH("rn"">Trinidad and Tobago",S39)),"Trinidad and Tobago", ISNUMBER(SEARCH("rn"">Serbia and Montenegro",S39)),"Serbia and Montenegro", ISNUMBER(SEARCH("te d'Ivoire",S39)),"Côte d'Ivoire", TRUE,"" )} | W39: =IF(V39="",S39,V39) -> Tunisia | X39: Dutch East Indies | Z39: Stadium | AA39: Stadium (CLEAN) | AB39: City | AC39: City (CLEAN) | AF39: 26.3 | AV39: QUARTER_FINALS | AW39: QUARTER_FINALS | AY39: {=INDEX(_xlfn.UNIQUE(DATA_CLEANED!AF30:'DATA_CLEANED'!AF1087),INT((ROWS(AY$12:AY39)-1)/3)+1)} -> 1978 | AZ39: QUARTER_FINALS | BA39: {=INDEX($BA$12:$BA$14,MOD(ROWS($BA$15:BA39)-1,3)+1)} -> 0 | BB39: =COUNTIFS(DATA_CLEANED!AH$3:AH$1060,AZ39,DATA_CLEANED!AF$3:AF$1060,AY39) -> 0 | BC39: =IF(BA39>BB39,"Donnée manquante",IF(BA39<BB39,"A VERIFIER","OK")) -> OK | BE39: =IF(OR(DATA_CLEANED!AL30="",DATA_CLEANED!AM30=""),"MANQUANT",IF(OR(NOT(ISNUMBER(DATA_CLEANED!AL30)),NOT(ISNUMBER(DATA_CLEANED!AM30))),"ENTREE INVALIDE",IF(OR(DATA_CLEANED!AL30<0,DATA_CLEANED!AM30<0),"SCORE NEGATIF","OK"))) -> OK | BF39: =IF(DATA_CLEANED!AK30<>DATA_CLEANED!AN30,"OK","ERREUR") -> OK | BG39: =IF(DATA_CLEANED!AL30>DATA_CLEANED!AM30,DATA_CLEANED!AK30,IF(AND(DATA_QUALITE!W4516="-",DATA_CLEANED!AM30=DATA_CLEANED!AL30),"MATCH NUL",IF(AND(DATA_QUALITE!V4516="-",DATA_QUALITE!U4516="AUCUNE"),DATA_QUALITE!T4516,IF(DATA_QUALITE!V4516<>"-",DATA_QUALITE!V4516,DATA_CLEANED!AN30)))) -> Germany | BH39: =IF(AND(BG39="MATCH NUL",DATA_CLEANED!AO30="-"),"MATCH_NUL",IF(ISNUMBER(SEARCH("win on penalties",W4516)),"WIN_BY_PENALTY",IF(ISNUMBER(SEARCH("win after extra time",W4516)),"WIN_BY_EXTRA_TIME",IF(ISNUMBER(SEARCH("Golden Goal",W4516)),"WIN_BY_GOLDEN_GOAL","WIN_BY_SCORE")))) -> WIN_BY_SCORE | BI39: =IF(OR(BG39=DATA_CLEANED!AK30,BG39=DATA_CLEANED!AN30,BG39="MATCH NUL"),"OK","ERREUR") -> OK
B40: Sweden | C40: 27.0 | D40: 26 | E40: 55 | F40: 87 | G40: =B40&"|"&C40&"|"&D40&"|"&E40&"|"&F40 -> Sweden|27.0|26|55|87 | H40: =IF(COUNTIF($G$32:G40,G40)>1,"DOUBLON","OK") -> OK | R40: Brazil | S40: Saudi Arabia | T40: =IF(COUNTIF(R$13:R$250,S40)=1,"OK","ERREUR") -> OK | U40: =IF(OR(S40="Scotland",S40="England",S40="Wales",S40="Yugoslavia",S40="Czechoslovakia",S40="Northern Ireland",S40="Soviet Union",S40="Zaire",S40="Dutch East Indies"),"AUCUNE",IF(OR(S40="Cape Verde",S40="USA",S40="DR Congo",S40="Republic of Korea",S40="Germany FR",S40="Germany DR",S40="Czechia",S40="Ivory Coast",S40="Korea DPR",S40="China PR",S40="IR Iran",S40="Türkiye",S40="Congo DR",S40="German DR",ISNUMBER(SEARCH("rn"">United Arab Emirates",S40)),ISNUMBER(SEARCH("rn"">Republic of Ireland",S40)),ISNUMBER(SEARCH("rn"">Bosnia and Herzegovina",S40)),ISNUMBER(SEARCH("rn"">Trinidad and Tobago",S40)),ISNUMBER(SEARCH("rn"">Serbia and Montenegro",S40)),ISNUMBER(SEARCH(_xlfn.UNICHAR(65533),S40))),"RENOMMER","-")) -> - | V40: {=_xlfn.IFS( ISNUMBER(SEARCH("USA",S40)),"United States", ISNUMBER(SEARCH("Republic of Korea",S40)),"South Korea", ISNUMBER(SEARCH("Cape Verde",S40)),"Cabo Verde", ISNUMBER(SEARCH("Czechia",S40)),"Czech Republic", ISNUMBER(SEARCH("Türkiye",S40)),"Turkey", ISNUMBER(SEARCH("Ivory Coast",S40)),"Côte d'Ivoire", ISNUMBER(SEARCH("Korea Republic",S40)),"South Korea", ISNUMBER(SEARCH("Germany FR",S40)),"FR Germany", ISNUMBER(SEARCH("Germany DR",S40)),"DR Germany", ISNUMBER(SEARCH("Korea DPR",S40)),"North Korea", ISNUMBER(SEARCH("China PR",S40)),"China", ISNUMBER(SEARCH("IR Iran",S40)),"Iran", ISNUMBER(SEARCH("Congo DR",S40)),"Democratic Republic of the Congo", ISNUMBER(SEARCH("DR Congo",S40)),"Democratic Republic of the Congo", ISNUMBER(SEARCH("German DR",S40)),"DR Germany", ISNUMBER(SEARCH("rn"">United Arab Emirates",S40)),"United Arab Emirates", ISNUMBER(SEARCH("rn"">Republic of Ireland",S40)),"Ireland", ISNUMBER(SEARCH("rn"">Bosnia and Herzegovina",S40)),"Bosnia and Herzegovina", ISNUMBER(SEARCH("rn"">Trinidad and Tobago",S40)),"Trinidad and Tobago", ISNUMBER(SEARCH("rn"">Serbia and Montenegro",S40)),"Serbia and Montenegro", ISNUMBER(SEARCH("te d'Ivoire",S40)),"Côte d'Ivoire", TRUE,"" )} | W40: =IF(V40="",S40,V40) -> Saudi Arabia | X40: Ecuador | Z40: {=_xlfn._xlws.FILTER(E1689:E2762,M1689:M2762="OK")} -> Pocitos | AA40: {=IFERROR(_xlfn.XLOOKUP(Z40,_xlfn.ANCHORARRAY(Z$31),AA$31:AA$37),Z40)} -> Pocitos | AB40: {=_xlfn._xlws.FILTER(F1689:F2762,M1689:M2762="OK")} -> Montevideo | AC40: =IFERROR(_xlfn.XLOOKUP(AB40,AB$31:AB$34,AC$31:AC$34),AB40) -> Montevideo | AF40: 25.6 | AV40: QUARTER_FINALS | AW40: QUARTER_FINALS | AY40: {=INDEX(_xlfn.UNIQUE(DATA_CLEANED!AF31:'DATA_CLEANED'!AF1088),INT((ROWS(AY$12:AY40)-1)/3)+1)} -> 1978 | AZ40: SEMI_FINALS | BA40: 0 | BB40: =COUNTIFS(DATA_CLEANED!AH$3:AH$1060,AZ40,DATA_CLEANED!AF$3:AF$1060,AY40) -> 0 | BC40: =IF(BA40>BB40,"Donnée manquante",IF(BA40<BB40,"A VERIFIER","OK")) -> OK | BE40: =IF(OR(DATA_CLEANED!AL31="",DATA_CLEANED!AM31=""),"MANQUANT",IF(OR(NOT(ISNUMBER(DATA_CLEANED!AL31)),NOT(ISNUMBER(DATA_CLEANED!AM31))),"ENTREE INVALIDE",IF(OR(DATA_CLEANED!AL31<0,DATA_CLEANED!AM31<0),"SCORE NEGATIF","OK"))) -> OK | BF40: =IF(DATA_CLEANED!AK31<>DATA_CLEANED!AN31,"OK","ERREUR") -> OK | BG40: =IF(DATA_CLEANED!AL31>DATA_CLEANED!AM31,DATA_CLEANED!AK31,IF(AND(DATA_QUALITE!W4517="-",DATA_CLEANED!AM31=DATA_CLEANED!AL31),"MATCH NUL",IF(AND(DATA_QUALITE!V4517="-",DATA_QUALITE!U4517="AUCUNE"),DATA_QUALITE!T4517,IF(DATA_QUALITE!V4517<>"-",DATA_QUALITE!V4517,DATA_CLEANED!AN31)))) -> MATCH NUL | BH40: =IF(AND(BG40="MATCH NUL",DATA_CLEANED!AO31="-"),"MATCH_NUL",IF(ISNUMBER(SEARCH("win on penalties",W4517)),"WIN_BY_PENALTY",IF(ISNUMBER(SEARCH("win after extra time",W4517)),"WIN_BY_EXTRA_TIME",IF(ISNUMBER(SEARCH("Golden Goal",W4517)),"WIN_BY_GOLDEN_GOAL","WIN_BY_SCORE")))) -> MATCH_NUL | BI40: =IF(OR(BG40=DATA_CLEANED!AK31,BG40=DATA_CLEANED!AN31,BG40="MATCH NUL"),"OK","ERREUR") -> OK
B41: Belgium | C41: 27.1 | D41: 18 | E41: 59 | F41: 85 | G41: =B41&"|"&C41&"|"&D41&"|"&E41&"|"&F41 -> Belgium|27.1|18|59|85 | H41: =IF(COUNTIF($G$32:G41,G41)>1,"DOUBLON","OK") -> OK | R41: British Virgin Islands | S41: Algeria | T41: =IF(COUNTIF(R$13:R$250,S41)=1,"OK","ERREUR") -> OK | U41: =IF(OR(S41="Scotland",S41="England",S41="Wales",S41="Yugoslavia",S41="Czechoslovakia",S41="Northern Ireland",S41="Soviet Union",S41="Zaire",S41="Dutch East Indies"),"AUCUNE",IF(OR(S41="Cape Verde",S41="USA",S41="DR Congo",S41="Republic of Korea",S41="Germany FR",S41="Germany DR",S41="Czechia",S41="Ivory Coast",S41="Korea DPR",S41="China PR",S41="IR Iran",S41="Türkiye",S41="Congo DR",S41="German DR",ISNUMBER(SEARCH("rn"">United Arab Emirates",S41)),ISNUMBER(SEARCH("rn"">Republic of Ireland",S41)),ISNUMBER(SEARCH("rn"">Bosnia and Herzegovina",S41)),ISNUMBER(SEARCH("rn"">Trinidad and Tobago",S41)),ISNUMBER(SEARCH("rn"">Serbia and Montenegro",S41)),ISNUMBER(SEARCH(_xlfn.UNICHAR(65533),S41))),"RENOMMER","-")) -> - | V41: {=_xlfn.IFS( ISNUMBER(SEARCH("USA",S41)),"United States", ISNUMBER(SEARCH("Republic of Korea",S41)),"South Korea", ISNUMBER(SEARCH("Cape Verde",S41)),"Cabo Verde", ISNUMBER(SEARCH("Czechia",S41)),"Czech Republic", ISNUMBER(SEARCH("Türkiye",S41)),"Turkey", ISNUMBER(SEARCH("Ivory Coast",S41)),"Côte d'Ivoire", ISNUMBER(SEARCH("Korea Republic",S41)),"South Korea", ISNUMBER(SEARCH("Germany FR",S41)),"FR Germany", ISNUMBER(SEARCH("Germany DR",S41)),"DR Germany", ISNUMBER(SEARCH("Korea DPR",S41)),"North Korea", ISNUMBER(SEARCH("China PR",S41)),"China", ISNUMBER(SEARCH("IR Iran",S41)),"Iran", ISNUMBER(SEARCH("Congo DR",S41)),"Democratic Republic of the Congo", ISNUMBER(SEARCH("DR Congo",S41)),"Democratic Republic of the Congo", ISNUMBER(SEARCH("German DR",S41)),"DR Germany", ISNUMBER(SEARCH("rn"">United Arab Emirates",S41)),"United Arab Emirates", ISNUMBER(SEARCH("rn"">Republic of Ireland",S41)),"Ireland", ISNUMBER(SEARCH("rn"">Bosnia and Herzegovina",S41)),"Bosnia and Herzegovina", ISNUMBER(SEARCH("rn"">Trinidad and Tobago",S41)),"Trinidad and Tobago", ISNUMBER(SEARCH("rn"">Serbia and Montenegro",S41)),"Serbia and Montenegro", ISNUMBER(SEARCH("te d'Ivoire",S41)),"Côte d'Ivoire", TRUE,"" )} | W41: =IF(V41="",S41,V41) -> Algeria | X41: Egypt | Z41: Parque Central | AA41: {=IFERROR(_xlfn.XLOOKUP(Z41,_xlfn.ANCHORARRAY(Z$31),AA$31:AA$37),Z41)} -> Parque Central | AB41: Montevideo | AC41: =_xlfn.SINGLE(IFERROR(_xlfn.XLOOKUP(AB41,AB$31:AB$34,AC$31:AC$34),AB41)) -> Montevideo | AF41: 26.2 | AV41: QUARTER_FINALS | AW41: QUARTER_FINALS | AY41: {=INDEX(_xlfn.UNIQUE(DATA_CLEANED!AF32:'DATA_CLEANED'!AF1089),INT((ROWS(AY$12:AY41)-1)/3)+1)} -> 1978 | AZ41: FINAL | BA41: {=INDEX($BA$12:$BA$14,MOD(ROWS($BA$15:BA41)-1,3)+1)} -> 1 | BB41: =COUNTIFS(DATA_CLEANED!AH$3:AH$1060,AZ41,DATA_CLEANED!AF$3:AF$1060,AY41) -> 1 | BC41: =IF(BA41>BB41,"Donnée manquante",IF(BA41<BB41,"A VERIFIER","OK")) -> OK | BE41: =IF(OR(DATA_CLEANED!AL32="",DATA_CLEANED!AM32=""),"MANQUANT",IF(OR(NOT(ISNUMBER(DATA_CLEANED!AL32)),NOT(ISNUMBER(DATA_CLEANED!AM32))),"ENTREE INVALIDE",IF(OR(DATA_CLEANED!AL32<0,DATA_CLEANED!AM32<0),"SCORE NEGATIF","OK"))) -> OK | BF41: =IF(DATA_CLEANED!AK32<>DATA_CLEANED!AN32,"OK","ERREUR") -> OK | BG41: =IF(DATA_CLEANED!AL32>DATA_CLEANED!AM32,DATA_CLEANED!AK32,IF(AND(DATA_QUALITE!W4518="-",DATA_CLEANED!AM32=DATA_CLEANED!AL32),"MATCH NUL",IF(AND(DATA_QUALITE!V4518="-",DATA_QUALITE!U4518="AUCUNE"),DATA_QUALITE!T4518,IF(DATA_QUALITE!V4518<>"-",DATA_QUALITE!V4518,DATA_CLEANED!AN32)))) -> Austria | BH41: =IF(AND(BG41="MATCH NUL",DATA_CLEANED!AO32="-"),"MATCH_NUL",IF(ISNUMBER(SEARCH("win on penalties",W4518)),"WIN_BY_PENALTY",IF(ISNUMBER(SEARCH("win after extra time",W4518)),"WIN_BY_EXTRA_TIME",IF(ISNUMBER(SEARCH("Golden Goal",W4518)),"WIN_BY_GOLDEN_GOAL","WIN_BY_SCORE")))) -> WIN_BY_SCORE | BI41: =IF(OR(BG41=DATA_CLEANED!AK32,BG41=DATA_CLEANED!AN32,BG41="MATCH NUL"),"OK","ERREUR") -> OK
B42: Mexico | C42: 27.5 | D42: 21 | E42: 66 | F42: 73 | G42: =B42&"|"&C42&"|"&D42&"|"&E42&"|"&F42 -> Mexico|27.5|21|66|73 | H42: =IF(COUNTIF($G$32:G42,G42)>1,"DOUBLON","OK") -> OK | R42: Brunei | S42: Iran | T42: =IF(COUNTIF(R$13:R$250,S42)=1,"OK","ERREUR") -> OK | U42: =IF(OR(S42="Scotland",S42="England",S42="Wales",S42="Yugoslavia",S42="Czechoslovakia",S42="Northern Ireland",S42="Soviet Union",S42="Zaire",S42="Dutch East Indies"),"AUCUNE",IF(OR(S42="Cape Verde",S42="USA",S42="DR Congo",S42="Republic of Korea",S42="Germany FR",S42="Germany DR",S42="Czechia",S42="Ivory Coast",S42="Korea DPR",S42="China PR",S42="IR Iran",S42="Türkiye",S42="Congo DR",S42="German DR",ISNUMBER(SEARCH("rn"">United Arab Emirates",S42)),ISNUMBER(SEARCH("rn"">Republic of Ireland",S42)),ISNUMBER(SEARCH("rn"">Bosnia and Herzegovina",S42)),ISNUMBER(SEARCH("rn"">Trinidad and Tobago",S42)),ISNUMBER(SEARCH("rn"">Serbia and Montenegro",S42)),ISNUMBER(SEARCH(_xlfn.UNICHAR(65533),S42))),"RENOMMER","-")) -> - | V42: {=_xlfn.IFS( ISNUMBER(SEARCH("USA",S42)),"United States", ISNUMBER(SEARCH("Republic of Korea",S42)),"South Korea", ISNUMBER(SEARCH("Cape Verde",S42)),"Cabo Verde", ISNUMBER(SEARCH("Czechia",S42)),"Czech Republic", ISNUMBER(SEARCH("Türkiye",S42)),"Turkey", ISNUMBER(SEARCH("Ivory Coast",S42)),"Côte d'Ivoire", ISNUMBER(SEARCH("Korea Republic",S42)),"South Korea", ISNUMBER(SEARCH("Germany FR",S42)),"FR Germany", ISNUMBER(SEARCH("Germany DR",S42)),"DR Germany", ISNUMBER(SEARCH("Korea DPR",S42)),"North Korea", ISNUMBER(SEARCH("China PR",S42)),"China", ISNUMBER(SEARCH("IR Iran",S42)),"Iran", ISNUMBER(SEARCH("Congo DR",S42)),"Democratic Republic of the Congo", ISNUMBER(SEARCH("DR Congo",S42)),"Democratic Republic of the Congo", ISNUMBER(SEARCH("German DR",S42)),"DR Germany", ISNUMBER(SEARCH("rn"">United Arab Emirates",S42)),"United Arab Emirates", ISNUMBER(SEARCH("rn"">Republic of Ireland",S42)),"Ireland", ISNUMBER(SEARCH("rn"">Bosnia and Herzegovina",S42)),"Bosnia and Herzegovina", ISNUMBER(SEARCH("rn"">Trinidad and Tobago",S42)),"Trinidad and Tobago", ISNUMBER(SEARCH("rn"">Serbia and Montenegro",S42)),"Serbia and Montenegro", ISNUMBER(SEARCH("te d'Ivoire",S42)),"Côte d'Ivoire", TRUE,"" )} | W42: =IF(V42="",S42,V42) -> Iran | X42: El Salvador | Z42: Parque Central | AA42: {=IFERROR(_xlfn.XLOOKUP(Z42,_xlfn.ANCHORARRAY(Z$31),AA$31:AA$37),Z42)} -> Parque Central | AB42: Montevideo | AC42: =_xlfn.SINGLE(IFERROR(_xlfn.XLOOKUP(AB42,AB$31:AB$34,AC$31:AC$34),AB42)) -> Montevideo | AF42: 28 | AV42: QUARTER_FINALS | AW42: QUARTER_FINALS | AY42: {=INDEX(_xlfn.UNIQUE(DATA_CLEANED!AF33:'DATA_CLEANED'!AF1090),INT((ROWS(AY$12:AY42)-1)/3)+1)} -> 1982 | AZ42: QUARTER_FINALS | BA42: {=INDEX($BA$12:$BA$14,MOD(ROWS($BA$15:BA42)-1,3)+1)} -> 0 | BB42: =COUNTIFS(DATA_CLEANED!AH$3:AH$1060,AZ42,DATA_CLEANED!AF$3:AF$1060,AY42) -> 0 | BC42: =IF(BA42>BB42,"Donnée manquante",IF(BA42<BB42,"A VERIFIER","OK")) -> OK | BE42: =IF(OR(DATA_CLEANED!AL33="",DATA_CLEANED!AM33=""),"MANQUANT",IF(OR(NOT(ISNUMBER(DATA_CLEANED!AL33)),NOT(ISNUMBER(DATA_CLEANED!AM33))),"ENTREE INVALIDE",IF(OR(DATA_CLEANED!AL33<0,DATA_CLEANED!AM33<0),"SCORE NEGATIF","OK"))) -> OK | BF42: =IF(DATA_CLEANED!AK33<>DATA_CLEANED!AN33,"OK","ERREUR") -> OK | BG42: =IF(DATA_CLEANED!AL33>DATA_CLEANED!AM33,DATA_CLEANED!AK33,IF(AND(DATA_QUALITE!W4519="-",DATA_CLEANED!AM33=DATA_CLEANED!AL33),"MATCH NUL",IF(AND(DATA_QUALITE!V4519="-",DATA_QUALITE!U4519="AUCUNE"),DATA_QUALITE!T4519,IF(DATA_QUALITE!V4519<>"-",DATA_QUALITE!V4519,DATA_CLEANED!AN33)))) -> Italy | BH42: =IF(AND(BG42="MATCH NUL",DATA_CLEANED!AO33="-"),"MATCH_NUL",IF(ISNUMBER(SEARCH("win on penalties",W4519)),"WIN_BY_PENALTY",IF(ISNUMBER(SEARCH("win after extra time",W4519)),"WIN_BY_EXTRA_TIME",IF(ISNUMBER(SEARCH("Golden Goal",W4519)),"WIN_BY_GOLDEN_GOAL","WIN_BY_SCORE")))) -> WIN_BY_SCORE | BI42: =IF(OR(BG42=DATA_CLEANED!AK33,BG42=DATA_CLEANED!AN33,BG42="MATCH NUL"),"OK","ERREUR") -> OK
B43: Switzerland | C43: 27.8 | D43: 24 | E43: 48 | F43: 65 | G43: =B43&"|"&C43&"|"&D43&"|"&E43&"|"&F43 -> Switzerland|27.8|24|48|65 | H43: =IF(COUNTIF($G$32:G43,G43)>1,"DOUBLON","OK") -> OK | R43: Bulgaria | S43: Egypt | T43: =IF(COUNTIF(R$13:R$250,S43)=1,"OK","ERREUR") -> OK | U43: =IF(OR(S43="Scotland",S43="England",S43="Wales",S43="Yugoslavia",S43="Czechoslovakia",S43="Northern Ireland",S43="Soviet Union",S43="Zaire",S43="Dutch East Indies"),"AUCUNE",IF(OR(S43="Cape Verde",S43="USA",S43="DR Congo",S43="Republic of Korea",S43="Germany FR",S43="Germany DR",S43="Czechia",S43="Ivory Coast",S43="Korea DPR",S43="China PR",S43="IR Iran",S43="Türkiye",S43="Congo DR",S43="German DR",ISNUMBER(SEARCH("rn"">United Arab Emirates",S43)),ISNUMBER(SEARCH("rn"">Republic of Ireland",S43)),ISNUMBER(SEARCH("rn"">Bosnia and Herzegovina",S43)),ISNUMBER(SEARCH("rn"">Trinidad and Tobago",S43)),ISNUMBER(SEARCH("rn"">Serbia and Montenegro",S43)),ISNUMBER(SEARCH(_xlfn.UNICHAR(65533),S43))),"RENOMMER","-")) -> - | V43: {=_xlfn.IFS( ISNUMBER(SEARCH("USA",S43)),"United States", ISNUMBER(SEARCH("Republic of Korea",S43)),"South Korea", ISNUMBER(SEARCH("Cape Verde",S43)),"Cabo Verde", ISNUMBER(SEARCH("Czechia",S43)),"Czech Republic", ISNUMBER(SEARCH("Türkiye",S43)),"Turkey", ISNUMBER(SEARCH("Ivory Coast",S43)),"Côte d'Ivoire", ISNUMBER(SEARCH("Korea Republic",S43)),"South Korea", ISNUMBER(SEARCH("Germany FR",S43)),"FR Germany", ISNUMBER(SEARCH("Germany DR",S43)),"DR Germany", ISNUMBER(SEARCH("Korea DPR",S43)),"North Korea", ISNUMBER(SEARCH("China PR",S43)),"China", ISNUMBER(SEARCH("IR Iran",S43)),"Iran", ISNUMBER(SEARCH("Congo DR",S43)),"Democratic Republic of the Congo", ISNUMBER(SEARCH("DR Congo",S43)),"Democratic Republic of the Congo", ISNUMBER(SEARCH("German DR",S43)),"DR Germany", ISNUMBER(SEARCH("rn"">United Arab Emirates",S43)),"United Arab Emirates", ISNUMBER(SEARCH("rn"">Republic of Ireland",S43)),"Ireland", ISNUMBER(SEARCH("rn"">Bosnia and Herzegovina",S43)),"Bosnia and Herzegovina", ISNUMBER(SEARCH("rn"">Trinidad and Tobago",S43)),"Trinidad and Tobago", ISNUMBER(SEARCH("rn"">Serbia and Montenegro",S43)),"Serbia and Montenegro", ISNUMBER(SEARCH("te d'Ivoire",S43)),"Côte d'Ivoire", TRUE,"" )} | W43: =IF(V43="",S43,V43) -> Egypt | X43: England | Z43: Pocitos | AA43: {=IFERROR(_xlfn.XLOOKUP(Z43,_xlfn.ANCHORARRAY(Z$31),AA$31:AA$37),Z43)} -> Pocitos | AB43: Montevideo | AC43: =_xlfn.SINGLE(IFERROR(_xlfn.XLOOKUP(AB43,AB$31:AB$34,AC$31:AC$34),AB43)) -> Montevideo | AF43: 26.5 | AV43: QUARTER_FINALS | AW43: SEMI_FINALS | AY43: {=INDEX(_xlfn.UNIQUE(DATA_CLEANED!AF34:'DATA_CLEANED'!AF1091),INT((ROWS(AY$12:AY43)-1)/3)+1)} -> 1982 | AZ43: SEMI_FINALS | BA43: 2 | BB43: =COUNTIFS(DATA_CLEANED!AH$3:AH$1060,AZ43,DATA_CLEANED!AF$3:AF$1060,AY43) -> 2 | BC43: =IF(BA43>BB43,"Donnée manquante",IF(BA43<BB43,"A VERIFIER","OK")) -> OK | BE43: =IF(OR(DATA_CLEANED!AL34="",DATA_CLEANED!AM34=""),"MANQUANT",IF(OR(NOT(ISNUMBER(DATA_CLEANED!AL34)),NOT(ISNUMBER(DATA_CLEANED!AM34))),"ENTREE INVALIDE",IF(OR(DATA_CLEANED!AL34<0,DATA_CLEANED!AM34<0),"SCORE NEGATIF","OK"))) -> OK | BF43: =IF(DATA_CLEANED!AK34<>DATA_CLEANED!AN34,"OK","ERREUR") -> OK | BG43: =IF(DATA_CLEANED!AL34>DATA_CLEANED!AM34,DATA_CLEANED!AK34,IF(AND(DATA_QUALITE!W4520="-",DATA_CLEANED!AM34=DATA_CLEANED!AL34),"MATCH NUL",IF(AND(DATA_QUALITE!V4520="-",DATA_QUALITE!U4520="AUCUNE"),DATA_QUALITE!T4520,IF(DATA_QUALITE!V4520<>"-",DATA_QUALITE!V4520,DATA_CLEANED!AN34)))) -> Italy | BH43: =IF(AND(BG43="MATCH NUL",DATA_CLEANED!AO34="-"),"MATCH_NUL",IF(ISNUMBER(SEARCH("win on penalties",W4520)),"WIN_BY_PENALTY",IF(ISNUMBER(SEARCH("win after extra time",W4520)),"WIN_BY_EXTRA_TIME",IF(ISNUMBER(SEARCH("Golden Goal",W4520)),"WIN_BY_GOLDEN_GOAL","WIN_BY_SCORE")))) -> WIN_BY_SCORE | BI43: =IF(OR(BG43=DATA_CLEANED!AK34,BG43=DATA_CLEANED!AN34,BG43="MATCH NUL"),"OK","ERREUR") -> OK
B44: Portugal | C44: 27.5 | D44: 17 | E44: 38 | F44: 64 | G44: =B44&"|"&C44&"|"&D44&"|"&E44&"|"&F44 -> Portugal|27.5|17|38|64 | H44: =IF(COUNTIF($G$32:G44,G44)>1,"DOUBLON","OK") -> OK | R44: Burkina Faso | S44: South Africa | T44: =IF(COUNTIF(R$13:R$250,S44)=1,"OK","ERREUR") -> OK | U44: =IF(OR(S44="Scotland",S44="England",S44="Wales",S44="Yugoslavia",S44="Czechoslovakia",S44="Northern Ireland",S44="Soviet Union",S44="Zaire",S44="Dutch East Indies"),"AUCUNE",IF(OR(S44="Cape Verde",S44="USA",S44="DR Congo",S44="Republic of Korea",S44="Germany FR",S44="Germany DR",S44="Czechia",S44="Ivory Coast",S44="Korea DPR",S44="China PR",S44="IR Iran",S44="Türkiye",S44="Congo DR",S44="German DR",ISNUMBER(SEARCH("rn"">United Arab Emirates",S44)),ISNUMBER(SEARCH("rn"">Republic of Ireland",S44)),ISNUMBER(SEARCH("rn"">Bosnia and Herzegovina",S44)),ISNUMBER(SEARCH("rn"">Trinidad and Tobago",S44)),ISNUMBER(SEARCH("rn"">Serbia and Montenegro",S44)),ISNUMBER(SEARCH(_xlfn.UNICHAR(65533),S44))),"RENOMMER","-")) -> - | V44: {=_xlfn.IFS( ISNUMBER(SEARCH("USA",S44)),"United States", ISNUMBER(SEARCH("Republic of Korea",S44)),"South Korea", ISNUMBER(SEARCH("Cape Verde",S44)),"Cabo Verde", ISNUMBER(SEARCH("Czechia",S44)),"Czech Republic", ISNUMBER(SEARCH("Türkiye",S44)),"Turkey", ISNUMBER(SEARCH("Ivory Coast",S44)),"Côte d'Ivoire", ISNUMBER(SEARCH("Korea Republic",S44)),"South Korea", ISNUMBER(SEARCH("Germany FR",S44)),"FR Germany", ISNUMBER(SEARCH("Germany DR",S44)),"DR Germany", ISNUMBER(SEARCH("Korea DPR",S44)),"North Korea", ISNUMBER(SEARCH("China PR",S44)),"China", ISNUMBER(SEARCH("IR Iran",S44)),"Iran", ISNUMBER(SEARCH("Congo DR",S44)),"Democratic Republic of the Congo", ISNUMBER(SEARCH("DR Congo",S44)),"Democratic Republic of the Congo", ISNUMBER(SEARCH("German DR",S44)),"DR Germany", ISNUMBER(SEARCH("rn"">United Arab Emirates",S44)),"United Arab Emirates", ISNUMBER(SEARCH("rn"">Republic of Ireland",S44)),"Ireland", ISNUMBER(SEARCH("rn"">Bosnia and Herzegovina",S44)),"Bosnia and Herzegovina", ISNUMBER(SEARCH("rn"">Trinidad and Tobago",S44)),"Trinidad and Tobago", ISNUMBER(SEARCH("rn"">Serbia and Montenegro",S44)),"Serbia and Montenegro", ISNUMBER(SEARCH("te d'Ivoire",S44)),"Côte d'Ivoire", TRUE,"" )} | W44: =IF(V44="",S44,V44) -> South Africa | X44: FR Germany | Z44: Parque Central | AA44: {=IFERROR(_xlfn.XLOOKUP(Z44,_xlfn.ANCHORARRAY(Z$31),AA$31:AA$37),Z44)} -> Parque Central | AB44: Montevideo | AC44: =_xlfn.SINGLE(IFERROR(_xlfn.XLOOKUP(AB44,AB$31:AB$34,AC$31:AC$34),AB44)) -> Montevideo | AF44: 29.8 | AV44: QUARTER_FINALS | AW44: SEMI_FINALS | AY44: {=INDEX(_xlfn.UNIQUE(DATA_CLEANED!AF35:'DATA_CLEANED'!AF1092),INT((ROWS(AY$12:AY44)-1)/3)+1)} -> 1982 | AZ44: FINAL | BA44: {=INDEX($BA$12:$BA$14,MOD(ROWS($BA$15:BA44)-1,3)+1)} -> 1 | BB44: =COUNTIFS(DATA_CLEANED!AH$3:AH$1060,AZ44,DATA_CLEANED!AF$3:AF$1060,AY44) -> 1 | BC44: =IF(BA44>BB44,"Donnée manquante",IF(BA44<BB44,"A VERIFIER","OK")) -> OK | BE44: =IF(OR(DATA_CLEANED!AL35="",DATA_CLEANED!AM35=""),"MANQUANT",IF(OR(NOT(ISNUMBER(DATA_CLEANED!AL35)),NOT(ISNUMBER(DATA_CLEANED!AM35))),"ENTREE INVALIDE",IF(OR(DATA_CLEANED!AL35<0,DATA_CLEANED!AM35<0),"SCORE NEGATIF","OK"))) -> OK | BF44: =IF(DATA_CLEANED!AK35<>DATA_CLEANED!AN35,"OK","ERREUR") -> OK | BG44: =IF(DATA_CLEANED!AL35>DATA_CLEANED!AM35,DATA_CLEANED!AK35,IF(AND(DATA_QUALITE!W4521="-",DATA_CLEANED!AM35=DATA_CLEANED!AL35),"MATCH NUL",IF(AND(DATA_QUALITE!V4521="-",DATA_QUALITE!U4521="AUCUNE"),DATA_QUALITE!T4521,IF(DATA_QUALITE!V4521<>"-",DATA_QUALITE!V4521,DATA_CLEANED!AN35)))) -> Czechoslovakia | BH44: =IF(AND(BG44="MATCH NUL",DATA_CLEANED!AO35="-"),"MATCH_NUL",IF(ISNUMBER(SEARCH("win on penalties",W4521)),"WIN_BY_PENALTY",IF(ISNUMBER(SEARCH("win after extra time",W4521)),"WIN_BY_EXTRA_TIME",IF(ISNUMBER(SEARCH("Golden Goal",W4521)),"WIN_BY_GOLDEN_GOAL","WIN_BY_SCORE")))) -> WIN_BY_SCORE | BI44: =IF(OR(BG44=DATA_CLEANED!AK35,BG44=DATA_CLEANED!AN35,BG44="MATCH NUL"),"OK","ERREUR") -> OK
